"","file","ntaxa","nsites","set1","set2","set3","set4","set5","set6","set7","set8","set9","set10","file.ag","allgaps_nsites","trim_prop","lt15","from15to30","from30to42","from42to56","gt56"
"71","busco.10332at7399.faa",34,871,TRUE,FALSE,FALSE,FALSE,FALSE,FALSE,FALSE,FALSE,FALSE,TRUE,"busco.10332at7399.faa-ag.phy",381,0.562571756601607,FALSE,FALSE,FALSE,FALSE,TRUE
"72","busco.10348at7399.faa",34,697,FALSE,FALSE,FALSE,TRUE,FALSE,TRUE,FALSE,FALSE,FALSE,FALSE,"busco.10348at7399.faa-ag.phy",607,0.129124820659971,TRUE,FALSE,FALSE,FALSE,FALSE
"77","busco.10377at7399.faa",35,749,TRUE,FALSE,FALSE,FALSE,FALSE,FALSE,FALSE,FALSE,TRUE,FALSE,"busco.10377at7399.faa-ag.phy",460,0.38584779706275,FALSE,FALSE,TRUE,FALSE,FALSE
"86","busco.10407at7399.faa",35,563,FALSE,FALSE,FALSE,FALSE,TRUE,FALSE,FALSE,FALSE,FALSE,TRUE,"busco.10407at7399.faa-ag.phy",541,0.0390763765541741,TRUE,FALSE,FALSE,FALSE,FALSE
"89","busco.10421at7399.faa",36,800,FALSE,TRUE,FALSE,FALSE,FALSE,FALSE,FALSE,FALSE,TRUE,FALSE,"busco.10421at7399.faa-ag.phy",477,0.40375,FALSE,FALSE,TRUE,FALSE,FALSE
"113","busco.10535at7399.faa",36,1057,FALSE,FALSE,TRUE,FALSE,FALSE,FALSE,FALSE,FALSE,TRUE,FALSE,"busco.10535at7399.faa-ag.phy",286,0.729422894985809,FALSE,FALSE,FALSE,FALSE,TRUE
"123","busco.10598at7399.faa",34,724,FALSE,TRUE,FALSE,FALSE,FALSE,FALSE,TRUE,FALSE,FALSE,FALSE,"busco.10598at7399.faa-ag.phy",420,0.419889502762431,FALSE,FALSE,TRUE,FALSE,FALSE
"134","busco.10646at7399.faa",35,526,FALSE,FALSE,FALSE,TRUE,FALSE,TRUE,FALSE,FALSE,FALSE,FALSE,"busco.10646at7399.faa-ag.phy",472,0.102661596958175,TRUE,FALSE,FALSE,FALSE,FALSE
"142","busco.10685at7399.faa",34,1552,FALSE,TRUE,FALSE,FALSE,FALSE,FALSE,FALSE,TRUE,FALSE,FALSE,"busco.10685at7399.faa-ag.phy",809,0.478737113402062,FALSE,FALSE,FALSE,TRUE,FALSE
"161","busco.10752at7399.faa",34,517,FALSE,TRUE,FALSE,FALSE,FALSE,FALSE,TRUE,FALSE,FALSE,FALSE,"busco.10752at7399.faa-ag.phy",479,0.0735009671179884,TRUE,FALSE,FALSE,FALSE,FALSE
"172","busco.10790at7399.faa",36,558,FALSE,FALSE,FALSE,TRUE,FALSE,FALSE,TRUE,FALSE,FALSE,FALSE,"busco.10790at7399.faa-ag.phy",439,0.21326164874552,FALSE,TRUE,FALSE,FALSE,FALSE
"182","busco.10851at7399.faa",34,1241,TRUE,FALSE,FALSE,FALSE,FALSE,FALSE,FALSE,FALSE,FALSE,TRUE,"busco.10851at7399.faa-ag.phy",262,0.788879935535858,FALSE,FALSE,FALSE,FALSE,TRUE
"230","busco.11040at7399.faa",34,799,FALSE,TRUE,FALSE,FALSE,FALSE,FALSE,FALSE,FALSE,FALSE,TRUE,"busco.11040at7399.faa-ag.phy",445,0.443053817271589,FALSE,FALSE,FALSE,TRUE,FALSE
"249","busco.11121at7399.faa",35,678,FALSE,FALSE,FALSE,TRUE,FALSE,FALSE,FALSE,FALSE,FALSE,TRUE,"busco.11121at7399.faa-ag.phy",460,0.321533923303835,FALSE,FALSE,TRUE,FALSE,FALSE
"252","busco.11138at7399.faa",35,530,FALSE,FALSE,FALSE,TRUE,FALSE,FALSE,FALSE,FALSE,FALSE,TRUE,"busco.11138at7399.faa-ag.phy",449,0.152830188679245,FALSE,TRUE,FALSE,FALSE,FALSE
"265","busco.11204at7399.faa",35,554,TRUE,FALSE,FALSE,FALSE,FALSE,FALSE,FALSE,FALSE,FALSE,TRUE,"busco.11204at7399.faa-ag.phy",435,0.214801444043321,FALSE,TRUE,FALSE,FALSE,FALSE
"275","busco.11279at7399.faa",35,1302,FALSE,FALSE,FALSE,TRUE,FALSE,FALSE,TRUE,FALSE,FALSE,FALSE,"busco.11279at7399.faa-ag.phy",540,0.585253456221198,FALSE,FALSE,FALSE,FALSE,TRUE
"296","busco.11399at7399.faa",37,604,TRUE,FALSE,FALSE,FALSE,FALSE,FALSE,FALSE,TRUE,FALSE,FALSE,"busco.11399at7399.faa-ag.phy",437,0.276490066225166,FALSE,TRUE,FALSE,FALSE,FALSE
"300","busco.11415at7399.faa",35,561,FALSE,FALSE,TRUE,FALSE,FALSE,FALSE,FALSE,TRUE,FALSE,FALSE,"busco.11415at7399.faa-ag.phy",253,0.549019607843137,FALSE,FALSE,FALSE,TRUE,FALSE
"311","busco.11470at7399.faa",36,1689,TRUE,FALSE,FALSE,FALSE,FALSE,FALSE,TRUE,FALSE,FALSE,FALSE,"busco.11470at7399.faa-ag.phy",389,0.769686204854944,FALSE,FALSE,FALSE,FALSE,TRUE
"334","busco.11546at7399.faa",35,540,FALSE,FALSE,TRUE,FALSE,FALSE,FALSE,TRUE,FALSE,FALSE,FALSE,"busco.11546at7399.faa-ag.phy",470,0.12962962962963,TRUE,FALSE,FALSE,FALSE,FALSE
"344","busco.11582at7399.faa",36,1159,FALSE,FALSE,FALSE,TRUE,FALSE,FALSE,FALSE,FALSE,TRUE,FALSE,"busco.11582at7399.faa-ag.phy",443,0.617773943054357,FALSE,FALSE,FALSE,FALSE,TRUE
"353","busco.11611at7399.faa",36,1816,TRUE,FALSE,FALSE,FALSE,FALSE,FALSE,FALSE,FALSE,TRUE,FALSE,"busco.11611at7399.faa-ag.phy",553,0.695484581497797,FALSE,FALSE,FALSE,FALSE,TRUE
"357","busco.11627at7399.faa",34,502,FALSE,FALSE,TRUE,FALSE,FALSE,FALSE,FALSE,FALSE,FALSE,TRUE,"busco.11627at7399.faa-ag.phy",490,0.0239043824701195,TRUE,FALSE,FALSE,FALSE,FALSE
"386","busco.11729at7399.faa",34,624,FALSE,TRUE,FALSE,FALSE,FALSE,FALSE,TRUE,FALSE,FALSE,FALSE,"busco.11729at7399.faa-ag.phy",421,0.325320512820513,FALSE,FALSE,TRUE,FALSE,FALSE
"398","busco.11793at7399.faa",37,961,FALSE,FALSE,FALSE,FALSE,TRUE,TRUE,FALSE,FALSE,FALSE,FALSE,"busco.11793at7399.faa-ag.phy",417,0.566077003121748,FALSE,FALSE,FALSE,FALSE,TRUE
"399","busco.11806at7399.faa",35,918,FALSE,FALSE,TRUE,FALSE,FALSE,FALSE,FALSE,FALSE,FALSE,TRUE,"busco.11806at7399.faa-ag.phy",392,0.572984749455338,FALSE,FALSE,FALSE,FALSE,TRUE
"408","busco.11850at7399.faa",36,2101,FALSE,TRUE,FALSE,FALSE,FALSE,FALSE,FALSE,TRUE,FALSE,FALSE,"busco.11850at7399.faa-ag.phy",437,0.792003807710614,FALSE,FALSE,FALSE,FALSE,TRUE
"429","busco.11943at7399.faa",34,1954,FALSE,FALSE,FALSE,FALSE,TRUE,FALSE,FALSE,FALSE,FALSE,TRUE,"busco.11943at7399.faa-ag.phy",450,0.769703172978506,FALSE,FALSE,FALSE,FALSE,TRUE
"431","busco.11959at7399.faa",34,681,FALSE,FALSE,FALSE,FALSE,TRUE,FALSE,FALSE,FALSE,TRUE,FALSE,"busco.11959at7399.faa-ag.phy",525,0.229074889867841,FALSE,TRUE,FALSE,FALSE,FALSE
"433","busco.11969at7399.faa",36,1526,FALSE,TRUE,FALSE,FALSE,FALSE,FALSE,FALSE,TRUE,FALSE,FALSE,"busco.11969at7399.faa-ag.phy",369,0.758191349934469,FALSE,FALSE,FALSE,FALSE,TRUE
"440","busco.11995at7399.faa",34,527,FALSE,TRUE,FALSE,FALSE,FALSE,FALSE,TRUE,FALSE,FALSE,FALSE,"busco.11995at7399.faa-ag.phy",416,0.210626185958254,FALSE,TRUE,FALSE,FALSE,FALSE
"441","busco.11996at7399.faa",35,530,FALSE,FALSE,TRUE,FALSE,FALSE,FALSE,FALSE,FALSE,FALSE,TRUE,"busco.11996at7399.faa-ag.phy",435,0.179245283018868,FALSE,TRUE,FALSE,FALSE,FALSE
"452","busco.12049at7399.faa",34,1165,FALSE,FALSE,FALSE,TRUE,FALSE,FALSE,TRUE,FALSE,FALSE,FALSE,"busco.12049at7399.faa-ag.phy",603,0.482403433476395,FALSE,FALSE,FALSE,TRUE,FALSE
"467","busco.12110at7399.faa",35,544,FALSE,FALSE,FALSE,FALSE,TRUE,FALSE,TRUE,FALSE,FALSE,FALSE,"busco.12110at7399.faa-ag.phy",493,0.09375,TRUE,FALSE,FALSE,FALSE,FALSE
"479","busco.12184at7399.faa",34,522,FALSE,FALSE,FALSE,FALSE,TRUE,FALSE,FALSE,FALSE,TRUE,FALSE,"busco.12184at7399.faa-ag.phy",415,0.204980842911877,FALSE,TRUE,FALSE,FALSE,FALSE
"491","busco.12229at7399.faa",34,664,FALSE,FALSE,FALSE,FALSE,TRUE,FALSE,TRUE,FALSE,FALSE,FALSE,"busco.12229at7399.faa-ag.phy",591,0.109939759036145,TRUE,FALSE,FALSE,FALSE,FALSE
"492","busco.12232at7399.faa",34,1162,FALSE,FALSE,FALSE,TRUE,FALSE,TRUE,FALSE,FALSE,FALSE,FALSE,"busco.12232at7399.faa-ag.phy",766,0.3407917383821,FALSE,FALSE,TRUE,FALSE,FALSE
"493","busco.12238at7399.faa",35,581,TRUE,FALSE,FALSE,FALSE,FALSE,FALSE,TRUE,FALSE,FALSE,FALSE,"busco.12238at7399.faa-ag.phy",365,0.371772805507745,FALSE,FALSE,TRUE,FALSE,FALSE
"502","busco.12272at7399.faa",34,1527,FALSE,TRUE,FALSE,FALSE,FALSE,FALSE,TRUE,FALSE,FALSE,FALSE,"busco.12272at7399.faa-ag.phy",481,0.685003274394237,FALSE,FALSE,FALSE,FALSE,TRUE
"520","busco.12353at7399.faa",35,921,FALSE,FALSE,FALSE,TRUE,FALSE,TRUE,FALSE,FALSE,FALSE,FALSE,"busco.12353at7399.faa-ag.phy",647,0.297502714440825,FALSE,TRUE,FALSE,FALSE,FALSE
"546","busco.12453at7399.faa",36,552,FALSE,TRUE,FALSE,FALSE,FALSE,FALSE,FALSE,TRUE,FALSE,FALSE,"busco.12453at7399.faa-ag.phy",445,0.193840579710145,FALSE,TRUE,FALSE,FALSE,FALSE
"559","busco.12506at7399.faa",35,582,TRUE,FALSE,FALSE,FALSE,FALSE,FALSE,FALSE,FALSE,FALSE,TRUE,"busco.12506at7399.faa-ag.phy",473,0.187285223367698,FALSE,TRUE,FALSE,FALSE,FALSE
"572","busco.12578at7399.faa",35,1250,FALSE,FALSE,FALSE,TRUE,FALSE,TRUE,FALSE,FALSE,FALSE,FALSE,"busco.12578at7399.faa-ag.phy",316,0.7472,FALSE,FALSE,FALSE,FALSE,TRUE
"582","busco.1261at7399.faa",36,2813,FALSE,FALSE,FALSE,FALSE,TRUE,FALSE,FALSE,TRUE,FALSE,FALSE,"busco.1261at7399.faa-ag.phy",1565,0.443654461429079,FALSE,FALSE,FALSE,TRUE,FALSE
"637","busco.12895at7399.faa",35,1344,FALSE,FALSE,FALSE,TRUE,FALSE,TRUE,FALSE,FALSE,FALSE,FALSE,"busco.12895at7399.faa-ag.phy",440,0.672619047619048,FALSE,FALSE,FALSE,FALSE,TRUE
"651","busco.12953at7399.faa",34,519,FALSE,FALSE,FALSE,TRUE,FALSE,TRUE,FALSE,FALSE,FALSE,FALSE,"busco.12953at7399.faa-ag.phy",452,0.129094412331407,TRUE,FALSE,FALSE,FALSE,FALSE
"668","busco.13022at7399.faa",35,5177,TRUE,FALSE,FALSE,FALSE,FALSE,FALSE,FALSE,FALSE,FALSE,TRUE,"busco.13022at7399.faa-ag.phy",502,0.903032644388642,FALSE,FALSE,FALSE,FALSE,TRUE
"669","busco.13026at7399.faa",35,764,FALSE,TRUE,FALSE,FALSE,FALSE,FALSE,TRUE,FALSE,FALSE,FALSE,"busco.13026at7399.faa-ag.phy",476,0.37696335078534,FALSE,FALSE,TRUE,FALSE,FALSE
"681","busco.13092at7399.faa",34,748,FALSE,FALSE,FALSE,FALSE,TRUE,FALSE,FALSE,FALSE,TRUE,FALSE,"busco.13092at7399.faa-ag.phy",434,0.419786096256685,FALSE,FALSE,TRUE,FALSE,FALSE
"690","busco.13127at7399.faa",34,938,FALSE,FALSE,TRUE,FALSE,FALSE,FALSE,FALSE,FALSE,FALSE,TRUE,"busco.13127at7399.faa-ag.phy",507,0.459488272921109,FALSE,FALSE,FALSE,TRUE,FALSE
"704","busco.1318at7399.faa",36,4438,TRUE,FALSE,FALSE,FALSE,FALSE,FALSE,FALSE,FALSE,FALSE,TRUE,"busco.1318at7399.faa-ag.phy",552,0.875619648490311,FALSE,FALSE,FALSE,FALSE,TRUE
"720","busco.13244at7399.faa",34,754,FALSE,FALSE,FALSE,TRUE,FALSE,TRUE,FALSE,FALSE,FALSE,FALSE,"busco.13244at7399.faa-ag.phy",263,0.651193633952255,FALSE,FALSE,FALSE,FALSE,TRUE
"721","busco.13250at7399.faa",36,598,FALSE,FALSE,TRUE,FALSE,FALSE,TRUE,FALSE,FALSE,FALSE,FALSE,"busco.13250at7399.faa-ag.phy",510,0.147157190635452,TRUE,FALSE,FALSE,FALSE,FALSE
"735","busco.13316at7399.faa",34,494,FALSE,FALSE,FALSE,FALSE,TRUE,TRUE,FALSE,FALSE,FALSE,FALSE,"busco.13316at7399.faa-ag.phy",457,0.0748987854251012,TRUE,FALSE,FALSE,FALSE,FALSE
"750","busco.13395at7399.faa",36,1414,FALSE,FALSE,FALSE,FALSE,TRUE,TRUE,FALSE,FALSE,FALSE,FALSE,"busco.13395at7399.faa-ag.phy",246,0.826025459688826,FALSE,FALSE,FALSE,FALSE,TRUE
"754","busco.13407at7399.faa",35,596,FALSE,FALSE,FALSE,FALSE,TRUE,FALSE,FALSE,FALSE,FALSE,TRUE,"busco.13407at7399.faa-ag.phy",384,0.355704697986577,FALSE,FALSE,TRUE,FALSE,FALSE
"801","busco.1362at7399.faa",34,2748,FALSE,TRUE,FALSE,FALSE,FALSE,FALSE,FALSE,FALSE,TRUE,FALSE,"busco.1362at7399.faa-ag.phy",929,0.66193595342067,FALSE,FALSE,FALSE,FALSE,TRUE
"808","busco.13666at7399.faa",35,427,FALSE,FALSE,FALSE,TRUE,FALSE,FALSE,FALSE,FALSE,FALSE,TRUE,"busco.13666at7399.faa-ag.phy",390,0.0866510538641686,TRUE,FALSE,FALSE,FALSE,FALSE
"812","busco.13682at7399.faa",34,430,TRUE,FALSE,FALSE,FALSE,FALSE,FALSE,FALSE,FALSE,FALSE,TRUE,"busco.13682at7399.faa-ag.phy",351,0.183720930232558,FALSE,TRUE,FALSE,FALSE,FALSE
"817","busco.13702at7399.faa",35,716,FALSE,FALSE,FALSE,FALSE,TRUE,FALSE,FALSE,TRUE,FALSE,FALSE,"busco.13702at7399.faa-ag.phy",444,0.379888268156425,FALSE,FALSE,TRUE,FALSE,FALSE
"836","busco.1378at7399.faa",35,2448,FALSE,TRUE,FALSE,FALSE,FALSE,FALSE,FALSE,TRUE,FALSE,FALSE,"busco.1378at7399.faa-ag.phy",1780,0.272875816993464,FALSE,TRUE,FALSE,FALSE,FALSE
"875","busco.13954at7399.faa",34,563,FALSE,FALSE,FALSE,TRUE,FALSE,TRUE,FALSE,FALSE,FALSE,FALSE,"busco.13954at7399.faa-ag.phy",379,0.326820603907638,FALSE,FALSE,TRUE,FALSE,FALSE
"886","busco.13998at7399.faa",34,1091,FALSE,TRUE,FALSE,FALSE,FALSE,FALSE,FALSE,FALSE,FALSE,TRUE,"busco.13998at7399.faa-ag.phy",473,0.566452795600367,FALSE,FALSE,FALSE,FALSE,TRUE
"913","busco.14095at7399.faa",34,567,TRUE,FALSE,FALSE,FALSE,FALSE,TRUE,FALSE,FALSE,FALSE,FALSE,"busco.14095at7399.faa-ag.phy",421,0.257495590828924,FALSE,TRUE,FALSE,FALSE,FALSE
"914","busco.14101at7399.faa",36,552,TRUE,FALSE,FALSE,FALSE,FALSE,FALSE,FALSE,FALSE,FALSE,TRUE,"busco.14101at7399.faa-ag.phy",383,0.306159420289855,FALSE,FALSE,TRUE,FALSE,FALSE
"917","busco.14120at7399.faa",34,524,FALSE,FALSE,FALSE,FALSE,TRUE,TRUE,FALSE,FALSE,FALSE,FALSE,"busco.14120at7399.faa-ag.phy",484,0.0763358778625954,TRUE,FALSE,FALSE,FALSE,FALSE
"922","busco.14163at7399.faa",34,2661,FALSE,FALSE,TRUE,FALSE,FALSE,FALSE,TRUE,FALSE,FALSE,FALSE,"busco.14163at7399.faa-ag.phy",403,0.848553175497933,FALSE,FALSE,FALSE,FALSE,TRUE
"945","busco.14259at7399.faa",34,476,FALSE,FALSE,FALSE,FALSE,TRUE,TRUE,FALSE,FALSE,FALSE,FALSE,"busco.14259at7399.faa-ag.phy",310,0.348739495798319,FALSE,FALSE,TRUE,FALSE,FALSE
"960","busco.14313at7399.faa",35,425,FALSE,TRUE,FALSE,FALSE,FALSE,FALSE,TRUE,FALSE,FALSE,FALSE,"busco.14313at7399.faa-ag.phy",271,0.362352941176471,FALSE,FALSE,TRUE,FALSE,FALSE
"987","busco.14465at7399.faa",34,473,TRUE,FALSE,FALSE,FALSE,FALSE,FALSE,FALSE,FALSE,FALSE,TRUE,"busco.14465at7399.faa-ag.phy",448,0.0528541226215645,TRUE,FALSE,FALSE,FALSE,FALSE
"990","busco.14483at7399.faa",34,1447,TRUE,FALSE,FALSE,FALSE,FALSE,FALSE,TRUE,FALSE,FALSE,FALSE,"busco.14483at7399.faa-ag.phy",400,0.72356599861783,FALSE,FALSE,FALSE,FALSE,TRUE
"997","busco.14515at7399.faa",35,605,FALSE,FALSE,FALSE,TRUE,FALSE,FALSE,FALSE,TRUE,FALSE,FALSE,"busco.14515at7399.faa-ag.phy",351,0.419834710743802,FALSE,FALSE,TRUE,FALSE,FALSE
"1033","busco.14678at7399.faa",34,1234,FALSE,FALSE,FALSE,FALSE,TRUE,FALSE,FALSE,FALSE,FALSE,TRUE,"busco.14678at7399.faa-ag.phy",440,0.643435980551053,FALSE,FALSE,FALSE,FALSE,TRUE
"1034","busco.14679at7399.faa",34,485,FALSE,TRUE,FALSE,FALSE,FALSE,TRUE,FALSE,FALSE,FALSE,FALSE,"busco.14679at7399.faa-ag.phy",466,0.0391752577319588,TRUE,FALSE,FALSE,FALSE,FALSE
"1042","busco.14725at7399.faa",34,482,TRUE,FALSE,FALSE,FALSE,FALSE,FALSE,FALSE,FALSE,TRUE,FALSE,"busco.14725at7399.faa-ag.phy",166,0.655601659751037,FALSE,FALSE,FALSE,FALSE,TRUE
"1053","busco.14776at7399.faa",34,806,FALSE,FALSE,TRUE,FALSE,FALSE,TRUE,FALSE,FALSE,FALSE,FALSE,"busco.14776at7399.faa-ag.phy",230,0.714640198511166,FALSE,FALSE,FALSE,FALSE,TRUE
"1057","busco.14806at7399.faa",35,537,TRUE,FALSE,FALSE,FALSE,FALSE,FALSE,FALSE,FALSE,FALSE,TRUE,"busco.14806at7399.faa-ag.phy",288,0.463687150837989,FALSE,FALSE,FALSE,TRUE,FALSE
"1068","busco.14877at7399.faa",36,748,FALSE,FALSE,TRUE,FALSE,FALSE,FALSE,FALSE,FALSE,TRUE,FALSE,"busco.14877at7399.faa-ag.phy",563,0.247326203208556,FALSE,TRUE,FALSE,FALSE,FALSE
"1082","busco.14937at7399.faa",36,486,FALSE,FALSE,FALSE,TRUE,FALSE,FALSE,FALSE,FALSE,TRUE,FALSE,"busco.14937at7399.faa-ag.phy",426,0.123456790123457,TRUE,FALSE,FALSE,FALSE,FALSE
"1086","busco.1494at7399.faa",34,3513,FALSE,FALSE,FALSE,TRUE,FALSE,FALSE,FALSE,TRUE,FALSE,FALSE,"busco.1494at7399.faa-ag.phy",1785,0.491887275832622,FALSE,FALSE,FALSE,TRUE,FALSE
"1088","busco.14952at7399.faa",34,381,FALSE,FALSE,FALSE,FALSE,TRUE,FALSE,FALSE,FALSE,FALSE,TRUE,"busco.14952at7399.faa-ag.phy",360,0.0551181102362205,TRUE,FALSE,FALSE,FALSE,FALSE
"1098","busco.15002at7399.faa",36,809,FALSE,FALSE,FALSE,FALSE,TRUE,TRUE,FALSE,FALSE,FALSE,FALSE,"busco.15002at7399.faa-ag.phy",595,0.264524103831891,FALSE,TRUE,FALSE,FALSE,FALSE
"1118","busco.1508at7399.faa",35,1847,FALSE,FALSE,TRUE,FALSE,FALSE,FALSE,FALSE,TRUE,FALSE,FALSE,"busco.1508at7399.faa-ag.phy",849,0.540335679480238,FALSE,FALSE,FALSE,TRUE,FALSE
"1127","busco.15140at7399.faa",35,388,FALSE,TRUE,FALSE,FALSE,FALSE,FALSE,FALSE,FALSE,FALSE,TRUE,"busco.15140at7399.faa-ag.phy",379,0.0231958762886598,TRUE,FALSE,FALSE,FALSE,FALSE
"1129","busco.15142at7399.faa",35,399,FALSE,FALSE,FALSE,TRUE,FALSE,FALSE,TRUE,FALSE,FALSE,FALSE,"busco.15142at7399.faa-ag.phy",388,0.0275689223057644,TRUE,FALSE,FALSE,FALSE,FALSE
"1147","busco.15223at7399.faa",35,1022,FALSE,TRUE,FALSE,FALSE,FALSE,TRUE,FALSE,FALSE,FALSE,FALSE,"busco.15223at7399.faa-ag.phy",654,0.360078277886497,FALSE,FALSE,TRUE,FALSE,FALSE
"1239","busco.15656at7399.faa",34,1205,FALSE,FALSE,FALSE,FALSE,TRUE,TRUE,FALSE,FALSE,FALSE,FALSE,"busco.15656at7399.faa-ag.phy",296,0.754356846473029,FALSE,FALSE,FALSE,FALSE,TRUE
"1242","busco.15661at7399.faa",36,418,FALSE,FALSE,FALSE,TRUE,FALSE,FALSE,TRUE,FALSE,FALSE,FALSE,"busco.15661at7399.faa-ag.phy",363,0.131578947368421,TRUE,FALSE,FALSE,FALSE,FALSE
"1260","busco.15737at7399.faa",35,736,FALSE,FALSE,TRUE,FALSE,FALSE,FALSE,FALSE,FALSE,FALSE,TRUE,"busco.15737at7399.faa-ag.phy",496,0.326086956521739,FALSE,FALSE,TRUE,FALSE,FALSE
"1265","busco.1575at7399.faa",36,1212,FALSE,FALSE,FALSE,TRUE,FALSE,TRUE,FALSE,FALSE,FALSE,FALSE,"busco.1575at7399.faa-ag.phy",1183,0.0239273927392739,TRUE,FALSE,FALSE,FALSE,FALSE
"1312","busco.159at7399.faa",34,6891,FALSE,FALSE,TRUE,FALSE,FALSE,FALSE,FALSE,FALSE,TRUE,FALSE,"busco.159at7399.faa-ag.phy",2905,0.578435640690756,FALSE,FALSE,FALSE,FALSE,TRUE
"1315","busco.16004at7399.faa",34,544,FALSE,TRUE,FALSE,FALSE,FALSE,FALSE,FALSE,FALSE,FALSE,TRUE,"busco.16004at7399.faa-ag.phy",363,0.332720588235294,FALSE,FALSE,TRUE,FALSE,FALSE
"1316","busco.16005at7399.faa",34,452,FALSE,FALSE,FALSE,FALSE,TRUE,FALSE,FALSE,TRUE,FALSE,FALSE,"busco.16005at7399.faa-ag.phy",392,0.132743362831858,TRUE,FALSE,FALSE,FALSE,FALSE
"1320","busco.1602at7399.faa",36,1799,FALSE,FALSE,TRUE,FALSE,FALSE,TRUE,FALSE,FALSE,FALSE,FALSE,"busco.1602at7399.faa-ag.phy",1172,0.348526959421901,FALSE,FALSE,TRUE,FALSE,FALSE
"1334","busco.16117at7399.faa",34,464,FALSE,FALSE,FALSE,FALSE,TRUE,FALSE,FALSE,FALSE,TRUE,FALSE,"busco.16117at7399.faa-ag.phy",388,0.163793103448276,FALSE,TRUE,FALSE,FALSE,FALSE
"1349","busco.16191at7399.faa",35,402,TRUE,FALSE,FALSE,FALSE,FALSE,FALSE,TRUE,FALSE,FALSE,FALSE,"busco.16191at7399.faa-ag.phy",392,0.0248756218905473,TRUE,FALSE,FALSE,FALSE,FALSE
"1350","busco.16202at7399.faa",34,1244,FALSE,FALSE,TRUE,FALSE,FALSE,FALSE,FALSE,FALSE,TRUE,FALSE,"busco.16202at7399.faa-ag.phy",246,0.802250803858521,FALSE,FALSE,FALSE,FALSE,TRUE
"1373","busco.16306at7399.faa",35,1236,FALSE,FALSE,FALSE,TRUE,FALSE,FALSE,FALSE,FALSE,FALSE,TRUE,"busco.16306at7399.faa-ag.phy",694,0.438511326860841,FALSE,FALSE,FALSE,TRUE,FALSE
"1394","busco.16374at7399.faa",37,477,FALSE,TRUE,FALSE,FALSE,FALSE,FALSE,FALSE,FALSE,TRUE,FALSE,"busco.16374at7399.faa-ag.phy",336,0.29559748427673,FALSE,TRUE,FALSE,FALSE,FALSE
"1404","busco.16407at7399.faa",34,581,FALSE,FALSE,FALSE,FALSE,TRUE,FALSE,FALSE,FALSE,TRUE,FALSE,"busco.16407at7399.faa-ag.phy",323,0.444061962134251,FALSE,FALSE,FALSE,TRUE,FALSE
"1414","busco.16437at7399.faa",34,656,FALSE,FALSE,FALSE,FALSE,TRUE,FALSE,TRUE,FALSE,FALSE,FALSE,"busco.16437at7399.faa-ag.phy",350,0.466463414634146,FALSE,FALSE,FALSE,TRUE,FALSE
"1419","busco.16457at7399.faa",34,478,FALSE,FALSE,FALSE,TRUE,FALSE,FALSE,FALSE,FALSE,TRUE,FALSE,"busco.16457at7399.faa-ag.phy",390,0.184100418410042,FALSE,TRUE,FALSE,FALSE,FALSE
"1425","busco.16487at7399.faa",34,329,FALSE,TRUE,FALSE,FALSE,FALSE,FALSE,FALSE,TRUE,FALSE,FALSE,"busco.16487at7399.faa-ag.phy",316,0.0395136778115502,TRUE,FALSE,FALSE,FALSE,FALSE
"1429","busco.16502at7399.faa",36,810,FALSE,TRUE,FALSE,FALSE,FALSE,FALSE,FALSE,FALSE,FALSE,TRUE,"busco.16502at7399.faa-ag.phy",388,0.520987654320988,FALSE,FALSE,FALSE,TRUE,FALSE
"1439","busco.16535at7399.faa",34,468,FALSE,FALSE,FALSE,FALSE,TRUE,FALSE,FALSE,TRUE,FALSE,FALSE,"busco.16535at7399.faa-ag.phy",292,0.376068376068376,FALSE,FALSE,TRUE,FALSE,FALSE
"1440","busco.16536at7399.faa",34,446,FALSE,FALSE,FALSE,FALSE,TRUE,FALSE,FALSE,TRUE,FALSE,FALSE,"busco.16536at7399.faa-ag.phy",233,0.477578475336323,FALSE,FALSE,FALSE,TRUE,FALSE
"1451","busco.16595at7399.faa",35,788,FALSE,FALSE,FALSE,TRUE,FALSE,FALSE,FALSE,FALSE,FALSE,TRUE,"busco.16595at7399.faa-ag.phy",376,0.522842639593909,FALSE,FALSE,FALSE,TRUE,FALSE
"1452","busco.16599at7399.faa",35,534,FALSE,FALSE,TRUE,FALSE,FALSE,FALSE,FALSE,FALSE,TRUE,FALSE,"busco.16599at7399.faa-ag.phy",430,0.194756554307116,FALSE,TRUE,FALSE,FALSE,FALSE
"1457","busco.16617at7399.faa",35,441,FALSE,TRUE,FALSE,FALSE,FALSE,FALSE,FALSE,FALSE,FALSE,TRUE,"busco.16617at7399.faa-ag.phy",359,0.1859410430839,FALSE,TRUE,FALSE,FALSE,FALSE
"1462","busco.16661at7399.faa",36,312,FALSE,FALSE,TRUE,FALSE,FALSE,FALSE,FALSE,TRUE,FALSE,FALSE,"busco.16661at7399.faa-ag.phy",310,0.00641025641025641,TRUE,FALSE,FALSE,FALSE,FALSE
"1474","busco.16711at7399.faa",36,365,FALSE,FALSE,FALSE,TRUE,FALSE,TRUE,FALSE,FALSE,FALSE,FALSE,"busco.16711at7399.faa-ag.phy",355,0.0273972602739726,TRUE,FALSE,FALSE,FALSE,FALSE
"1480","busco.16747at7399.faa",34,1012,FALSE,FALSE,FALSE,FALSE,TRUE,FALSE,FALSE,TRUE,FALSE,FALSE,"busco.16747at7399.faa-ag.phy",424,0.58102766798419,FALSE,FALSE,FALSE,FALSE,TRUE
"1485","busco.16766at7399.faa",34,475,FALSE,FALSE,FALSE,FALSE,TRUE,FALSE,TRUE,FALSE,FALSE,FALSE,"busco.16766at7399.faa-ag.phy",423,0.109473684210526,TRUE,FALSE,FALSE,FALSE,FALSE
"1488","busco.16773at7399.faa",35,869,FALSE,FALSE,TRUE,FALSE,FALSE,FALSE,FALSE,FALSE,FALSE,TRUE,"busco.16773at7399.faa-ag.phy",340,0.608745684695052,FALSE,FALSE,FALSE,FALSE,TRUE
"1490","busco.16784at7399.faa",35,440,FALSE,FALSE,FALSE,TRUE,FALSE,FALSE,FALSE,FALSE,FALSE,TRUE,"busco.16784at7399.faa-ag.phy",301,0.315909090909091,FALSE,FALSE,TRUE,FALSE,FALSE
"1504","busco.16855at7399.faa",34,347,FALSE,FALSE,FALSE,FALSE,TRUE,FALSE,FALSE,TRUE,FALSE,FALSE,"busco.16855at7399.faa-ag.phy",339,0.0230547550432277,TRUE,FALSE,FALSE,FALSE,FALSE
"1517","busco.16910at7399.faa",37,1787,TRUE,FALSE,FALSE,FALSE,FALSE,FALSE,FALSE,FALSE,FALSE,TRUE,"busco.16910at7399.faa-ag.phy",342,0.808617795187465,FALSE,FALSE,FALSE,FALSE,TRUE
"1525","busco.16950at7399.faa",35,470,FALSE,TRUE,FALSE,FALSE,FALSE,FALSE,FALSE,FALSE,FALSE,TRUE,"busco.16950at7399.faa-ag.phy",351,0.253191489361702,FALSE,TRUE,FALSE,FALSE,FALSE
"1526","busco.16956at7399.faa",34,467,FALSE,FALSE,FALSE,FALSE,TRUE,FALSE,TRUE,FALSE,FALSE,FALSE,"busco.16956at7399.faa-ag.phy",441,0.0556745182012848,TRUE,FALSE,FALSE,FALSE,FALSE
"1531","busco.16973at7399.faa",35,436,TRUE,FALSE,FALSE,FALSE,FALSE,FALSE,TRUE,FALSE,FALSE,FALSE,"busco.16973at7399.faa-ag.phy",301,0.309633027522936,FALSE,FALSE,TRUE,FALSE,FALSE
"1535","busco.16999at7399.faa",34,470,FALSE,FALSE,FALSE,TRUE,FALSE,FALSE,TRUE,FALSE,FALSE,FALSE,"busco.16999at7399.faa-ag.phy",295,0.372340425531915,FALSE,FALSE,TRUE,FALSE,FALSE
"1596","busco.17350at7399.faa",35,570,TRUE,FALSE,FALSE,FALSE,FALSE,FALSE,FALSE,TRUE,FALSE,FALSE,"busco.17350at7399.faa-ag.phy",336,0.410526315789474,FALSE,FALSE,TRUE,FALSE,FALSE
"1598","busco.17365at7399.faa",35,725,FALSE,FALSE,TRUE,FALSE,FALSE,TRUE,FALSE,FALSE,FALSE,FALSE,"busco.17365at7399.faa-ag.phy",637,0.121379310344828,TRUE,FALSE,FALSE,FALSE,FALSE
"1603","busco.17410at7399.faa",35,551,FALSE,FALSE,TRUE,FALSE,FALSE,FALSE,FALSE,FALSE,TRUE,FALSE,"busco.17410at7399.faa-ag.phy",327,0.406533575317604,FALSE,FALSE,TRUE,FALSE,FALSE
"1605","busco.17417at7399.faa",34,519,FALSE,FALSE,FALSE,TRUE,FALSE,FALSE,TRUE,FALSE,FALSE,FALSE,"busco.17417at7399.faa-ag.phy",251,0.516377649325626,FALSE,FALSE,FALSE,TRUE,FALSE
"1610","busco.17425at7399.faa",36,588,TRUE,FALSE,FALSE,FALSE,FALSE,FALSE,TRUE,FALSE,FALSE,FALSE,"busco.17425at7399.faa-ag.phy",334,0.431972789115646,FALSE,FALSE,FALSE,TRUE,FALSE
"1618","busco.17467at7399.faa",35,855,FALSE,FALSE,TRUE,FALSE,FALSE,FALSE,FALSE,TRUE,FALSE,FALSE,"busco.17467at7399.faa-ag.phy",385,0.549707602339181,FALSE,FALSE,FALSE,TRUE,FALSE
"1635","busco.17545at7399.faa",36,1081,FALSE,FALSE,FALSE,TRUE,FALSE,FALSE,TRUE,FALSE,FALSE,FALSE,"busco.17545at7399.faa-ag.phy",282,0.739130434782609,FALSE,FALSE,FALSE,FALSE,TRUE
"1638","busco.17574at7399.faa",34,924,FALSE,FALSE,TRUE,FALSE,FALSE,FALSE,FALSE,TRUE,FALSE,FALSE,"busco.17574at7399.faa-ag.phy",677,0.267316017316017,FALSE,TRUE,FALSE,FALSE,FALSE
"1654","busco.17650at7399.faa",35,663,FALSE,FALSE,TRUE,FALSE,FALSE,FALSE,FALSE,FALSE,TRUE,FALSE,"busco.17650at7399.faa-ag.phy",505,0.238310708898944,FALSE,TRUE,FALSE,FALSE,FALSE
"1666","busco.17697at7399.faa",35,611,FALSE,FALSE,FALSE,FALSE,TRUE,FALSE,FALSE,FALSE,FALSE,TRUE,"busco.17697at7399.faa-ag.phy",342,0.440261865793781,FALSE,FALSE,FALSE,TRUE,FALSE
"1705","busco.17918at7399.faa",36,376,FALSE,FALSE,FALSE,FALSE,TRUE,FALSE,FALSE,FALSE,FALSE,TRUE,"busco.17918at7399.faa-ag.phy",317,0.156914893617021,FALSE,TRUE,FALSE,FALSE,FALSE
"1725","busco.18007at7399.faa",36,827,FALSE,FALSE,FALSE,FALSE,TRUE,FALSE,FALSE,FALSE,FALSE,TRUE,"busco.18007at7399.faa-ag.phy",511,0.382103990326481,FALSE,FALSE,TRUE,FALSE,FALSE
"1729","busco.1802at7399.faa",34,1707,FALSE,TRUE,FALSE,FALSE,FALSE,FALSE,FALSE,TRUE,FALSE,FALSE,"busco.1802at7399.faa-ag.phy",1149,0.32688927943761,FALSE,FALSE,TRUE,FALSE,FALSE
"1740","busco.18070at7399.faa",35,440,FALSE,TRUE,FALSE,FALSE,FALSE,FALSE,FALSE,FALSE,TRUE,FALSE,"busco.18070at7399.faa-ag.phy",409,0.0704545454545455,TRUE,FALSE,FALSE,FALSE,FALSE
"1747","busco.18103at7399.faa",35,384,FALSE,FALSE,FALSE,TRUE,FALSE,FALSE,FALSE,TRUE,FALSE,FALSE,"busco.18103at7399.faa-ag.phy",333,0.1328125,TRUE,FALSE,FALSE,FALSE,FALSE
"1748","busco.18105at7399.faa",34,516,FALSE,TRUE,FALSE,FALSE,FALSE,FALSE,TRUE,FALSE,FALSE,FALSE,"busco.18105at7399.faa-ag.phy",293,0.432170542635659,FALSE,FALSE,FALSE,TRUE,FALSE
"1754","busco.1812at7399.faa",36,1431,FALSE,FALSE,FALSE,FALSE,TRUE,FALSE,FALSE,TRUE,FALSE,FALSE,"busco.1812at7399.faa-ag.phy",1332,0.0691823899371069,TRUE,FALSE,FALSE,FALSE,FALSE
"1770","busco.1819at7399.faa",34,1405,TRUE,FALSE,FALSE,FALSE,FALSE,FALSE,FALSE,FALSE,TRUE,FALSE,"busco.1819at7399.faa-ag.phy",1090,0.224199288256228,FALSE,TRUE,FALSE,FALSE,FALSE
"1774","busco.18214at7399.faa",34,1331,FALSE,TRUE,FALSE,FALSE,FALSE,FALSE,TRUE,FALSE,FALSE,FALSE,"busco.18214at7399.faa-ag.phy",818,0.385424492862509,FALSE,FALSE,TRUE,FALSE,FALSE
"1775","busco.18215at7399.faa",37,1379,FALSE,TRUE,FALSE,FALSE,FALSE,FALSE,FALSE,TRUE,FALSE,FALSE,"busco.18215at7399.faa-ag.phy",734,0.467730239303843,FALSE,FALSE,FALSE,TRUE,FALSE
"1801","busco.18321at7399.faa",35,579,TRUE,FALSE,FALSE,FALSE,FALSE,FALSE,FALSE,FALSE,TRUE,FALSE,"busco.18321at7399.faa-ag.phy",282,0.512953367875648,FALSE,FALSE,FALSE,TRUE,FALSE
"1812","busco.18373at7399.faa",37,690,TRUE,FALSE,FALSE,FALSE,FALSE,TRUE,FALSE,FALSE,FALSE,FALSE,"busco.18373at7399.faa-ag.phy",201,0.708695652173913,FALSE,FALSE,FALSE,FALSE,TRUE
"1834","busco.18464at7399.faa",37,455,TRUE,FALSE,FALSE,FALSE,FALSE,FALSE,FALSE,FALSE,FALSE,TRUE,"busco.18464at7399.faa-ag.phy",385,0.153846153846154,FALSE,TRUE,FALSE,FALSE,FALSE
"1848","busco.18548at7399.faa",35,1264,FALSE,TRUE,FALSE,FALSE,FALSE,FALSE,FALSE,FALSE,FALSE,TRUE,"busco.18548at7399.faa-ag.phy",332,0.737341772151899,FALSE,FALSE,FALSE,FALSE,TRUE
"1855","busco.18576at7399.faa",34,456,FALSE,FALSE,FALSE,TRUE,FALSE,TRUE,FALSE,FALSE,FALSE,FALSE,"busco.18576at7399.faa-ag.phy",318,0.302631578947368,FALSE,FALSE,TRUE,FALSE,FALSE
"1866","busco.1861at7399.faa",34,2009,FALSE,TRUE,FALSE,FALSE,FALSE,FALSE,TRUE,FALSE,FALSE,FALSE,"busco.1861at7399.faa-ag.phy",1090,0.457441513190642,FALSE,FALSE,FALSE,TRUE,FALSE
"1869","busco.1862at7399.faa",36,2168,FALSE,FALSE,TRUE,FALSE,FALSE,FALSE,FALSE,FALSE,TRUE,FALSE,"busco.1862at7399.faa-ag.phy",1261,0.418357933579336,FALSE,FALSE,TRUE,FALSE,FALSE
"1871","busco.18631at7399.faa",36,4578,FALSE,TRUE,FALSE,FALSE,FALSE,TRUE,FALSE,FALSE,FALSE,FALSE,"busco.18631at7399.faa-ag.phy",317,0.930755788553954,FALSE,FALSE,FALSE,FALSE,TRUE
"1888","busco.18703at7399.faa",35,578,FALSE,TRUE,FALSE,FALSE,FALSE,FALSE,FALSE,TRUE,FALSE,FALSE,"busco.18703at7399.faa-ag.phy",334,0.422145328719723,FALSE,FALSE,FALSE,TRUE,FALSE
"1904","busco.18761at7399.faa",34,430,FALSE,TRUE,FALSE,FALSE,FALSE,FALSE,FALSE,TRUE,FALSE,FALSE,"busco.18761at7399.faa-ag.phy",321,0.253488372093023,FALSE,TRUE,FALSE,FALSE,FALSE
"1906","busco.18766at7399.faa",34,574,FALSE,FALSE,FALSE,FALSE,TRUE,FALSE,FALSE,TRUE,FALSE,FALSE,"busco.18766at7399.faa-ag.phy",432,0.247386759581882,FALSE,TRUE,FALSE,FALSE,FALSE
"1915","busco.18808at7399.faa",37,583,TRUE,FALSE,FALSE,FALSE,FALSE,FALSE,TRUE,FALSE,FALSE,FALSE,"busco.18808at7399.faa-ag.phy",310,0.468267581475129,FALSE,FALSE,FALSE,TRUE,FALSE
"1917","busco.18811at7399.faa",34,556,TRUE,FALSE,FALSE,FALSE,FALSE,FALSE,FALSE,TRUE,FALSE,FALSE,"busco.18811at7399.faa-ag.phy",358,0.356115107913669,FALSE,FALSE,TRUE,FALSE,FALSE
"1927","busco.18875at7399.faa",34,591,FALSE,FALSE,FALSE,FALSE,TRUE,FALSE,FALSE,FALSE,TRUE,FALSE,"busco.18875at7399.faa-ag.phy",289,0.510998307952623,FALSE,FALSE,FALSE,TRUE,FALSE
"1936","busco.18909at7399.faa",37,631,FALSE,FALSE,FALSE,TRUE,FALSE,FALSE,TRUE,FALSE,FALSE,FALSE,"busco.18909at7399.faa-ag.phy",371,0.412044374009509,FALSE,FALSE,TRUE,FALSE,FALSE
"1943","busco.18948at7399.faa",34,743,FALSE,FALSE,TRUE,FALSE,FALSE,TRUE,FALSE,FALSE,FALSE,FALSE,"busco.18948at7399.faa-ag.phy",512,0.310901749663526,FALSE,FALSE,TRUE,FALSE,FALSE
"1954","busco.18996at7399.faa",34,435,TRUE,FALSE,FALSE,FALSE,FALSE,FALSE,FALSE,FALSE,TRUE,FALSE,"busco.18996at7399.faa-ag.phy",405,0.0689655172413793,TRUE,FALSE,FALSE,FALSE,FALSE
"1961","busco.19020at7399.faa",34,738,FALSE,TRUE,FALSE,FALSE,FALSE,TRUE,FALSE,FALSE,FALSE,FALSE,"busco.19020at7399.faa-ag.phy",304,0.588075880758808,FALSE,FALSE,FALSE,FALSE,TRUE
"1970","busco.19107at7399.faa",35,1401,TRUE,FALSE,FALSE,FALSE,FALSE,TRUE,FALSE,FALSE,FALSE,FALSE,"busco.19107at7399.faa-ag.phy",465,0.668094218415418,FALSE,FALSE,FALSE,FALSE,TRUE
"1999","busco.19234at7399.faa",37,381,FALSE,FALSE,FALSE,TRUE,FALSE,FALSE,TRUE,FALSE,FALSE,FALSE,"busco.19234at7399.faa-ag.phy",225,0.409448818897638,FALSE,FALSE,TRUE,FALSE,FALSE
"2002","busco.19240at7399.faa",34,601,FALSE,TRUE,FALSE,FALSE,FALSE,FALSE,TRUE,FALSE,FALSE,FALSE,"busco.19240at7399.faa-ag.phy",438,0.271214642262895,FALSE,TRUE,FALSE,FALSE,FALSE
"2022","busco.19330at7399.faa",34,447,FALSE,TRUE,FALSE,FALSE,FALSE,FALSE,FALSE,FALSE,TRUE,FALSE,"busco.19330at7399.faa-ag.phy",321,0.281879194630872,FALSE,TRUE,FALSE,FALSE,FALSE
"2024","busco.19334at7399.faa",35,544,TRUE,FALSE,FALSE,FALSE,FALSE,FALSE,FALSE,FALSE,TRUE,FALSE,"busco.19334at7399.faa-ag.phy",229,0.579044117647059,FALSE,FALSE,FALSE,FALSE,TRUE
"2046","busco.19443at7399.faa",35,592,FALSE,FALSE,FALSE,FALSE,TRUE,TRUE,FALSE,FALSE,FALSE,FALSE,"busco.19443at7399.faa-ag.phy",496,0.162162162162162,FALSE,TRUE,FALSE,FALSE,FALSE
"2051","busco.19474at7399.faa",34,407,FALSE,FALSE,TRUE,FALSE,FALSE,FALSE,FALSE,FALSE,TRUE,FALSE,"busco.19474at7399.faa-ag.phy",251,0.383292383292383,FALSE,FALSE,TRUE,FALSE,FALSE
"2052","busco.19478at7399.faa",34,1720,FALSE,FALSE,TRUE,FALSE,FALSE,FALSE,FALSE,TRUE,FALSE,FALSE,"busco.19478at7399.faa-ag.phy",284,0.834883720930233,FALSE,FALSE,FALSE,FALSE,TRUE
"2058","busco.19504at7399.faa",35,1320,TRUE,FALSE,FALSE,FALSE,FALSE,FALSE,FALSE,FALSE,FALSE,TRUE,"busco.19504at7399.faa-ag.phy",452,0.657575757575758,FALSE,FALSE,FALSE,FALSE,TRUE
"2112","busco.19753at7399.faa",37,874,FALSE,FALSE,FALSE,TRUE,FALSE,FALSE,FALSE,TRUE,FALSE,FALSE,"busco.19753at7399.faa-ag.phy",382,0.562929061784897,FALSE,FALSE,FALSE,FALSE,TRUE
"2116","busco.19769at7399.faa",34,2180,FALSE,FALSE,FALSE,TRUE,FALSE,FALSE,FALSE,FALSE,FALSE,TRUE,"busco.19769at7399.faa-ag.phy",313,0.856422018348624,FALSE,FALSE,FALSE,FALSE,TRUE
"2118","busco.19785at7399.faa",34,397,TRUE,FALSE,FALSE,FALSE,FALSE,FALSE,FALSE,FALSE,TRUE,FALSE,"busco.19785at7399.faa-ag.phy",340,0.143576826196474,TRUE,FALSE,FALSE,FALSE,FALSE
"2142","busco.19928at7399.faa",34,492,TRUE,FALSE,FALSE,FALSE,FALSE,TRUE,FALSE,FALSE,FALSE,FALSE,"busco.19928at7399.faa-ag.phy",346,0.296747967479675,FALSE,TRUE,FALSE,FALSE,FALSE
"2157","busco.20007at7399.faa",34,708,FALSE,TRUE,FALSE,FALSE,FALSE,TRUE,FALSE,FALSE,FALSE,FALSE,"busco.20007at7399.faa-ag.phy",296,0.581920903954802,FALSE,FALSE,FALSE,FALSE,TRUE
"2159","busco.20017at7399.faa",35,631,FALSE,FALSE,FALSE,TRUE,FALSE,FALSE,FALSE,FALSE,TRUE,FALSE,"busco.20017at7399.faa-ag.phy",380,0.397781299524564,FALSE,FALSE,TRUE,FALSE,FALSE
"2164","busco.20065at7399.faa",35,976,FALSE,FALSE,FALSE,TRUE,FALSE,FALSE,TRUE,FALSE,FALSE,FALSE,"busco.20065at7399.faa-ag.phy",499,0.488729508196721,FALSE,FALSE,FALSE,TRUE,FALSE
"2192","busco.2024at7399.faa",35,1949,FALSE,FALSE,TRUE,FALSE,FALSE,TRUE,FALSE,FALSE,FALSE,FALSE,"busco.2024at7399.faa-ag.phy",892,0.54232939969215,FALSE,FALSE,FALSE,TRUE,FALSE
"2204","busco.20311at7399.faa",34,688,FALSE,FALSE,FALSE,TRUE,FALSE,FALSE,FALSE,TRUE,FALSE,FALSE,"busco.20311at7399.faa-ag.phy",120,0.825581395348837,FALSE,FALSE,FALSE,FALSE,TRUE
"2224","busco.20449at7399.faa",34,606,FALSE,FALSE,FALSE,TRUE,FALSE,FALSE,TRUE,FALSE,FALSE,FALSE,"busco.20449at7399.faa-ag.phy",278,0.541254125412541,FALSE,FALSE,FALSE,TRUE,FALSE
"2226","busco.20453at7399.faa",35,356,FALSE,FALSE,FALSE,TRUE,FALSE,FALSE,FALSE,TRUE,FALSE,FALSE,"busco.20453at7399.faa-ag.phy",271,0.23876404494382,FALSE,TRUE,FALSE,FALSE,FALSE
"2228","busco.20456at7399.faa",36,357,FALSE,FALSE,FALSE,TRUE,FALSE,FALSE,TRUE,FALSE,FALSE,FALSE,"busco.20456at7399.faa-ag.phy",330,0.0756302521008403,TRUE,FALSE,FALSE,FALSE,FALSE
"2235","busco.20486at7399.faa",34,511,FALSE,FALSE,FALSE,FALSE,TRUE,FALSE,FALSE,FALSE,TRUE,FALSE,"busco.20486at7399.faa-ag.phy",261,0.489236790606654,FALSE,FALSE,FALSE,TRUE,FALSE
"2245","busco.20529at7399.faa",36,936,FALSE,FALSE,TRUE,FALSE,FALSE,FALSE,FALSE,FALSE,FALSE,TRUE,"busco.20529at7399.faa-ag.phy",333,0.644230769230769,FALSE,FALSE,FALSE,FALSE,TRUE
"2255","busco.20563at7399.faa",34,308,FALSE,FALSE,TRUE,FALSE,FALSE,TRUE,FALSE,FALSE,FALSE,FALSE,"busco.20563at7399.faa-ag.phy",270,0.123376623376623,TRUE,FALSE,FALSE,FALSE,FALSE
"2267","busco.20607at7399.faa",37,601,TRUE,FALSE,FALSE,FALSE,FALSE,FALSE,TRUE,FALSE,FALSE,FALSE,"busco.20607at7399.faa-ag.phy",342,0.430948419301165,FALSE,FALSE,FALSE,TRUE,FALSE
"2269","busco.20629at7399.faa",35,794,TRUE,FALSE,FALSE,FALSE,FALSE,TRUE,FALSE,FALSE,FALSE,FALSE,"busco.20629at7399.faa-ag.phy",190,0.760705289672544,FALSE,FALSE,FALSE,FALSE,TRUE
"2275","busco.20657at7399.faa",35,1044,FALSE,FALSE,TRUE,FALSE,FALSE,FALSE,FALSE,FALSE,FALSE,TRUE,"busco.20657at7399.faa-ag.phy",291,0.721264367816092,FALSE,FALSE,FALSE,FALSE,TRUE
"2285","busco.20725at7399.faa",34,395,FALSE,FALSE,FALSE,FALSE,TRUE,FALSE,FALSE,FALSE,TRUE,FALSE,"busco.20725at7399.faa-ag.phy",325,0.177215189873418,FALSE,TRUE,FALSE,FALSE,FALSE
"2290","busco.20738at7399.faa",34,309,FALSE,FALSE,FALSE,FALSE,TRUE,FALSE,TRUE,FALSE,FALSE,FALSE,"busco.20738at7399.faa-ag.phy",267,0.135922330097087,TRUE,FALSE,FALSE,FALSE,FALSE
"2298","busco.20798at7399.faa",35,343,FALSE,FALSE,FALSE,TRUE,FALSE,FALSE,FALSE,FALSE,TRUE,FALSE,"busco.20798at7399.faa-ag.phy",222,0.352769679300292,FALSE,FALSE,TRUE,FALSE,FALSE
"2300","busco.20801at7399.faa",37,655,FALSE,FALSE,FALSE,TRUE,FALSE,TRUE,FALSE,FALSE,FALSE,FALSE,"busco.20801at7399.faa-ag.phy",208,0.682442748091603,FALSE,FALSE,FALSE,FALSE,TRUE
"2304","busco.20829at7399.faa",34,294,FALSE,FALSE,FALSE,FALSE,TRUE,FALSE,TRUE,FALSE,FALSE,FALSE,"busco.20829at7399.faa-ag.phy",258,0.122448979591837,TRUE,FALSE,FALSE,FALSE,FALSE
"2308","busco.20842at7399.faa",37,541,FALSE,TRUE,FALSE,FALSE,FALSE,FALSE,FALSE,FALSE,TRUE,FALSE,"busco.20842at7399.faa-ag.phy",127,0.765249537892791,FALSE,FALSE,FALSE,FALSE,TRUE
"2311","busco.20864at7399.faa",34,303,FALSE,FALSE,FALSE,FALSE,TRUE,TRUE,FALSE,FALSE,FALSE,FALSE,"busco.20864at7399.faa-ag.phy",234,0.227722772277228,FALSE,TRUE,FALSE,FALSE,FALSE
"2321","busco.20918at7399.faa",35,739,FALSE,FALSE,FALSE,FALSE,TRUE,FALSE,FALSE,TRUE,FALSE,FALSE,"busco.20918at7399.faa-ag.phy",428,0.420838971583221,FALSE,FALSE,FALSE,TRUE,FALSE
"2339","busco.21010at7399.faa",34,334,FALSE,TRUE,FALSE,FALSE,FALSE,FALSE,FALSE,FALSE,FALSE,TRUE,"busco.21010at7399.faa-ag.phy",277,0.170658682634731,FALSE,TRUE,FALSE,FALSE,FALSE
"2340","busco.21012at7399.faa",35,1661,FALSE,FALSE,TRUE,FALSE,FALSE,FALSE,FALSE,TRUE,FALSE,FALSE,"busco.21012at7399.faa-ag.phy",286,0.827814569536424,FALSE,FALSE,FALSE,FALSE,TRUE
"2354","busco.21093at7399.faa",34,252,FALSE,FALSE,TRUE,FALSE,FALSE,FALSE,FALSE,TRUE,FALSE,FALSE,"busco.21093at7399.faa-ag.phy",250,0.00793650793650794,TRUE,FALSE,FALSE,FALSE,FALSE
"2373","busco.21170at7399.faa",34,304,FALSE,FALSE,FALSE,FALSE,TRUE,FALSE,TRUE,FALSE,FALSE,FALSE,"busco.21170at7399.faa-ag.phy",254,0.164473684210526,FALSE,TRUE,FALSE,FALSE,FALSE
"2392","busco.21269at7399.faa",36,348,FALSE,TRUE,FALSE,FALSE,FALSE,TRUE,FALSE,FALSE,FALSE,FALSE,"busco.21269at7399.faa-ag.phy",280,0.195402298850575,FALSE,TRUE,FALSE,FALSE,FALSE
"2393","busco.21282at7399.faa",34,522,TRUE,FALSE,FALSE,FALSE,FALSE,FALSE,FALSE,FALSE,TRUE,FALSE,"busco.21282at7399.faa-ag.phy",349,0.331417624521073,FALSE,FALSE,TRUE,FALSE,FALSE
"2414","busco.21393at7399.faa",34,326,FALSE,TRUE,FALSE,FALSE,FALSE,FALSE,TRUE,FALSE,FALSE,FALSE,"busco.21393at7399.faa-ag.phy",243,0.254601226993865,FALSE,TRUE,FALSE,FALSE,FALSE
"2419","busco.21419at7399.faa",35,571,FALSE,FALSE,FALSE,FALSE,TRUE,FALSE,TRUE,FALSE,FALSE,FALSE,"busco.21419at7399.faa-ag.phy",234,0.590192644483363,FALSE,FALSE,FALSE,FALSE,TRUE
"2427","busco.21481at7399.faa",37,714,FALSE,FALSE,TRUE,FALSE,FALSE,FALSE,FALSE,TRUE,FALSE,FALSE,"busco.21481at7399.faa-ag.phy",192,0.73109243697479,FALSE,FALSE,FALSE,FALSE,TRUE
"2432","busco.21496at7399.faa",36,839,FALSE,FALSE,FALSE,TRUE,FALSE,TRUE,FALSE,FALSE,FALSE,FALSE,"busco.21496at7399.faa-ag.phy",253,0.698450536352801,FALSE,FALSE,FALSE,FALSE,TRUE
"2433","busco.21525at7399.faa",35,295,FALSE,FALSE,FALSE,TRUE,FALSE,FALSE,FALSE,FALSE,TRUE,FALSE,"busco.21525at7399.faa-ag.phy",253,0.142372881355932,TRUE,FALSE,FALSE,FALSE,FALSE
"2438","busco.21546at7399.faa",35,257,FALSE,FALSE,FALSE,TRUE,FALSE,FALSE,FALSE,FALSE,FALSE,TRUE,"busco.21546at7399.faa-ag.phy",217,0.155642023346304,FALSE,TRUE,FALSE,FALSE,FALSE
"2443","busco.21563at7399.faa",35,612,FALSE,FALSE,FALSE,TRUE,FALSE,FALSE,FALSE,FALSE,TRUE,FALSE,"busco.21563at7399.faa-ag.phy",266,0.565359477124183,FALSE,FALSE,FALSE,FALSE,TRUE
"2452","busco.21615at7399.faa",36,464,TRUE,FALSE,FALSE,FALSE,FALSE,TRUE,FALSE,FALSE,FALSE,FALSE,"busco.21615at7399.faa-ag.phy",236,0.491379310344828,FALSE,FALSE,FALSE,TRUE,FALSE
"2454","busco.21629at7399.faa",35,417,FALSE,FALSE,FALSE,TRUE,FALSE,TRUE,FALSE,FALSE,FALSE,FALSE,"busco.21629at7399.faa-ag.phy",312,0.251798561151079,FALSE,TRUE,FALSE,FALSE,FALSE
"2460","busco.2164at7399.faa",36,2030,FALSE,FALSE,TRUE,FALSE,FALSE,TRUE,FALSE,FALSE,FALSE,FALSE,"busco.2164at7399.faa-ag.phy",662,0.673891625615764,FALSE,FALSE,FALSE,FALSE,TRUE
"2465","busco.21664at7399.faa",34,357,FALSE,FALSE,FALSE,FALSE,TRUE,TRUE,FALSE,FALSE,FALSE,FALSE,"busco.21664at7399.faa-ag.phy",341,0.0448179271708683,TRUE,FALSE,FALSE,FALSE,FALSE
"2475","busco.21700at7399.faa",34,349,FALSE,FALSE,TRUE,FALSE,FALSE,FALSE,TRUE,FALSE,FALSE,FALSE,"busco.21700at7399.faa-ag.phy",239,0.315186246418338,FALSE,FALSE,TRUE,FALSE,FALSE
"2491","busco.21777at7399.faa",35,321,FALSE,FALSE,FALSE,FALSE,TRUE,TRUE,FALSE,FALSE,FALSE,FALSE,"busco.21777at7399.faa-ag.phy",222,0.308411214953271,FALSE,FALSE,TRUE,FALSE,FALSE
"2494","busco.21812at7399.faa",35,523,FALSE,TRUE,FALSE,FALSE,FALSE,TRUE,FALSE,FALSE,FALSE,FALSE,"busco.21812at7399.faa-ag.phy",320,0.388145315487572,FALSE,FALSE,TRUE,FALSE,FALSE
"2498","busco.21846at7399.faa",34,385,FALSE,FALSE,FALSE,FALSE,TRUE,TRUE,FALSE,FALSE,FALSE,FALSE,"busco.21846at7399.faa-ag.phy",297,0.228571428571429,FALSE,TRUE,FALSE,FALSE,FALSE
"2515","busco.21938at7399.faa",36,1117,FALSE,FALSE,FALSE,TRUE,FALSE,FALSE,FALSE,FALSE,TRUE,FALSE,"busco.21938at7399.faa-ag.phy",225,0.798567591763653,FALSE,FALSE,FALSE,FALSE,TRUE
"2545","busco.22111at7399.faa",37,321,TRUE,FALSE,FALSE,FALSE,FALSE,FALSE,TRUE,FALSE,FALSE,FALSE,"busco.22111at7399.faa-ag.phy",264,0.177570093457944,FALSE,TRUE,FALSE,FALSE,FALSE
"2552","busco.22141at7399.faa",35,479,FALSE,TRUE,FALSE,FALSE,FALSE,FALSE,FALSE,TRUE,FALSE,FALSE,"busco.22141at7399.faa-ag.phy",193,0.597077244258873,FALSE,FALSE,FALSE,FALSE,TRUE
"2562","busco.22194at7399.faa",34,337,FALSE,TRUE,FALSE,FALSE,FALSE,TRUE,FALSE,FALSE,FALSE,FALSE,"busco.22194at7399.faa-ag.phy",211,0.373887240356083,FALSE,FALSE,TRUE,FALSE,FALSE
"2568","busco.22233at7399.faa",35,236,FALSE,FALSE,FALSE,FALSE,TRUE,FALSE,TRUE,FALSE,FALSE,FALSE,"busco.22233at7399.faa-ag.phy",230,0.0254237288135593,TRUE,FALSE,FALSE,FALSE,FALSE
"2574","busco.22289at7399.faa",35,251,FALSE,FALSE,FALSE,TRUE,FALSE,FALSE,FALSE,FALSE,FALSE,TRUE,"busco.22289at7399.faa-ag.phy",234,0.0677290836653386,TRUE,FALSE,FALSE,FALSE,FALSE
"2581","busco.22318at7399.faa",35,299,TRUE,FALSE,FALSE,FALSE,FALSE,FALSE,TRUE,FALSE,FALSE,FALSE,"busco.22318at7399.faa-ag.phy",274,0.0836120401337793,TRUE,FALSE,FALSE,FALSE,FALSE
"2586","busco.22340at7399.faa",36,342,TRUE,FALSE,FALSE,FALSE,FALSE,FALSE,TRUE,FALSE,FALSE,FALSE,"busco.22340at7399.faa-ag.phy",278,0.187134502923977,FALSE,TRUE,FALSE,FALSE,FALSE
"2587","busco.22343at7399.faa",36,849,FALSE,FALSE,TRUE,FALSE,FALSE,FALSE,TRUE,FALSE,FALSE,FALSE,"busco.22343at7399.faa-ag.phy",235,0.723203769140165,FALSE,FALSE,FALSE,FALSE,TRUE
"2592","busco.22365at7399.faa",35,347,FALSE,FALSE,FALSE,FALSE,TRUE,FALSE,FALSE,FALSE,TRUE,FALSE,"busco.22365at7399.faa-ag.phy",240,0.30835734870317,FALSE,FALSE,TRUE,FALSE,FALSE
"2597","busco.22379at7399.faa",34,359,FALSE,TRUE,FALSE,FALSE,FALSE,FALSE,TRUE,FALSE,FALSE,FALSE,"busco.22379at7399.faa-ag.phy",322,0.103064066852368,TRUE,FALSE,FALSE,FALSE,FALSE
"2598","busco.22394at7399.faa",34,248,FALSE,FALSE,FALSE,FALSE,TRUE,FALSE,FALSE,TRUE,FALSE,FALSE,"busco.22394at7399.faa-ag.phy",231,0.0685483870967742,TRUE,FALSE,FALSE,FALSE,FALSE
"2610","busco.22473at7399.faa",34,547,FALSE,FALSE,TRUE,FALSE,FALSE,FALSE,FALSE,FALSE,TRUE,FALSE,"busco.22473at7399.faa-ag.phy",224,0.590493601462523,FALSE,FALSE,FALSE,FALSE,TRUE
"2612","busco.22477at7399.faa",36,557,FALSE,FALSE,TRUE,FALSE,FALSE,TRUE,FALSE,FALSE,FALSE,FALSE,"busco.22477at7399.faa-ag.phy",251,0.549371633752244,FALSE,FALSE,FALSE,TRUE,FALSE
"2615","busco.2248at7399.faa",34,1988,FALSE,FALSE,FALSE,TRUE,FALSE,TRUE,FALSE,FALSE,FALSE,FALSE,"busco.2248at7399.faa-ag.phy",1170,0.411468812877264,FALSE,FALSE,TRUE,FALSE,FALSE
"2622","busco.22509at7399.faa",35,650,FALSE,FALSE,FALSE,FALSE,TRUE,FALSE,FALSE,TRUE,FALSE,FALSE,"busco.22509at7399.faa-ag.phy",327,0.496923076923077,FALSE,FALSE,FALSE,TRUE,FALSE
"2650","busco.22631at7399.faa",35,346,FALSE,TRUE,FALSE,FALSE,FALSE,FALSE,TRUE,FALSE,FALSE,FALSE,"busco.22631at7399.faa-ag.phy",279,0.19364161849711,FALSE,TRUE,FALSE,FALSE,FALSE
"2651","busco.22634at7399.faa",36,481,TRUE,FALSE,FALSE,FALSE,FALSE,TRUE,FALSE,FALSE,FALSE,FALSE,"busco.22634at7399.faa-ag.phy",384,0.201663201663202,FALSE,TRUE,FALSE,FALSE,FALSE
"2655","busco.22646at7399.faa",34,825,FALSE,FALSE,FALSE,TRUE,FALSE,FALSE,FALSE,FALSE,TRUE,FALSE,"busco.22646at7399.faa-ag.phy",306,0.629090909090909,FALSE,FALSE,FALSE,FALSE,TRUE
"2671","busco.22701at7399.faa",35,297,TRUE,FALSE,FALSE,FALSE,FALSE,FALSE,FALSE,FALSE,FALSE,TRUE,"busco.22701at7399.faa-ag.phy",286,0.037037037037037,TRUE,FALSE,FALSE,FALSE,FALSE
"2674","busco.22718at7399.faa",36,416,FALSE,TRUE,FALSE,FALSE,FALSE,FALSE,FALSE,TRUE,FALSE,FALSE,"busco.22718at7399.faa-ag.phy",214,0.485576923076923,FALSE,FALSE,FALSE,TRUE,FALSE
"2695","busco.22784at7399.faa",34,1081,FALSE,FALSE,FALSE,FALSE,TRUE,FALSE,FALSE,TRUE,FALSE,FALSE,"busco.22784at7399.faa-ag.phy",201,0.814061054579093,FALSE,FALSE,FALSE,FALSE,TRUE
"2715","busco.22893at7399.faa",36,360,FALSE,FALSE,TRUE,FALSE,FALSE,FALSE,FALSE,FALSE,FALSE,TRUE,"busco.22893at7399.faa-ag.phy",304,0.155555555555556,FALSE,TRUE,FALSE,FALSE,FALSE
"2718","busco.22903at7399.faa",37,219,FALSE,FALSE,FALSE,TRUE,FALSE,FALSE,FALSE,FALSE,FALSE,TRUE,"busco.22903at7399.faa-ag.phy",218,0.0045662100456621,TRUE,FALSE,FALSE,FALSE,FALSE
"2721","busco.22914at7399.faa",34,259,FALSE,FALSE,FALSE,TRUE,FALSE,FALSE,FALSE,FALSE,FALSE,TRUE,"busco.22914at7399.faa-ag.phy",258,0.00386100386100386,TRUE,FALSE,FALSE,FALSE,FALSE
"2723","busco.22921at7399.faa",35,286,FALSE,FALSE,FALSE,FALSE,TRUE,FALSE,FALSE,FALSE,TRUE,FALSE,"busco.22921at7399.faa-ag.phy",269,0.0594405594405594,TRUE,FALSE,FALSE,FALSE,FALSE
"2726","busco.22940at7399.faa",34,933,TRUE,FALSE,FALSE,FALSE,FALSE,FALSE,FALSE,FALSE,FALSE,TRUE,"busco.22940at7399.faa-ag.phy",185,0.801714898177921,FALSE,FALSE,FALSE,FALSE,TRUE
"2739","busco.23005at7399.faa",35,249,FALSE,TRUE,FALSE,FALSE,FALSE,TRUE,FALSE,FALSE,FALSE,FALSE,"busco.23005at7399.faa-ag.phy",232,0.0682730923694779,TRUE,FALSE,FALSE,FALSE,FALSE
"2741","busco.23025at7399.faa",35,1852,FALSE,FALSE,FALSE,FALSE,TRUE,TRUE,FALSE,FALSE,FALSE,FALSE,"busco.23025at7399.faa-ag.phy",250,0.865010799136069,FALSE,FALSE,FALSE,FALSE,TRUE
"2748","busco.23066at7399.faa",35,339,FALSE,FALSE,FALSE,TRUE,FALSE,FALSE,FALSE,FALSE,TRUE,FALSE,"busco.23066at7399.faa-ag.phy",271,0.200589970501475,FALSE,TRUE,FALSE,FALSE,FALSE
"2759","busco.23095at7399.faa",34,349,FALSE,TRUE,FALSE,FALSE,FALSE,TRUE,FALSE,FALSE,FALSE,FALSE,"busco.23095at7399.faa-ag.phy",263,0.246418338108883,FALSE,TRUE,FALSE,FALSE,FALSE
"2764","busco.23124at7399.faa",35,222,FALSE,TRUE,FALSE,FALSE,FALSE,FALSE,FALSE,FALSE,FALSE,TRUE,"busco.23124at7399.faa-ag.phy",208,0.0630630630630631,TRUE,FALSE,FALSE,FALSE,FALSE
"2765","busco.23126at7399.faa",35,226,FALSE,FALSE,FALSE,FALSE,TRUE,FALSE,FALSE,FALSE,TRUE,FALSE,"busco.23126at7399.faa-ag.phy",216,0.0442477876106195,TRUE,FALSE,FALSE,FALSE,FALSE
"2789","busco.23335at7399.faa",35,319,TRUE,FALSE,FALSE,FALSE,FALSE,TRUE,FALSE,FALSE,FALSE,FALSE,"busco.23335at7399.faa-ag.phy",157,0.507836990595611,FALSE,FALSE,FALSE,TRUE,FALSE
"2796","busco.23369at7399.faa",35,287,TRUE,FALSE,FALSE,FALSE,FALSE,FALSE,FALSE,FALSE,TRUE,FALSE,"busco.23369at7399.faa-ag.phy",189,0.341463414634146,FALSE,FALSE,TRUE,FALSE,FALSE
"2821","busco.23472at7399.faa",34,307,TRUE,FALSE,FALSE,FALSE,FALSE,FALSE,FALSE,FALSE,TRUE,FALSE,"busco.23472at7399.faa-ag.phy",269,0.123778501628664,TRUE,FALSE,FALSE,FALSE,FALSE
"2823","busco.23474at7399.faa",35,364,FALSE,TRUE,FALSE,FALSE,FALSE,FALSE,FALSE,TRUE,FALSE,FALSE,"busco.23474at7399.faa-ag.phy",317,0.129120879120879,TRUE,FALSE,FALSE,FALSE,FALSE
"2824","busco.23480at7399.faa",34,599,FALSE,TRUE,FALSE,FALSE,FALSE,FALSE,FALSE,TRUE,FALSE,FALSE,"busco.23480at7399.faa-ag.phy",360,0.398998330550918,FALSE,FALSE,TRUE,FALSE,FALSE
"2826","busco.23493at7399.faa",34,272,FALSE,FALSE,FALSE,FALSE,TRUE,FALSE,FALSE,TRUE,FALSE,FALSE,"busco.23493at7399.faa-ag.phy",216,0.205882352941176,FALSE,TRUE,FALSE,FALSE,FALSE
"2827","busco.23495at7399.faa",34,271,FALSE,FALSE,FALSE,FALSE,TRUE,FALSE,TRUE,FALSE,FALSE,FALSE,"busco.23495at7399.faa-ag.phy",230,0.151291512915129,FALSE,TRUE,FALSE,FALSE,FALSE
"2828","busco.23496at7399.faa",34,286,TRUE,FALSE,FALSE,FALSE,FALSE,FALSE,FALSE,FALSE,TRUE,FALSE,"busco.23496at7399.faa-ag.phy",242,0.153846153846154,FALSE,TRUE,FALSE,FALSE,FALSE
"2829","busco.23499at7399.faa",35,254,TRUE,FALSE,FALSE,FALSE,FALSE,FALSE,FALSE,TRUE,FALSE,FALSE,"busco.23499at7399.faa-ag.phy",247,0.0275590551181102,TRUE,FALSE,FALSE,FALSE,FALSE
"2839","busco.23559at7399.faa",36,1323,FALSE,FALSE,FALSE,FALSE,TRUE,TRUE,FALSE,FALSE,FALSE,FALSE,"busco.23559at7399.faa-ag.phy",250,0.81103552532124,FALSE,FALSE,FALSE,FALSE,TRUE
"2865","busco.23663at7399.faa",34,520,FALSE,FALSE,FALSE,TRUE,FALSE,TRUE,FALSE,FALSE,FALSE,FALSE,"busco.23663at7399.faa-ag.phy",201,0.613461538461539,FALSE,FALSE,FALSE,FALSE,TRUE
"2875","busco.23720at7399.faa",34,351,FALSE,FALSE,FALSE,FALSE,TRUE,TRUE,FALSE,FALSE,FALSE,FALSE,"busco.23720at7399.faa-ag.phy",202,0.424501424501425,FALSE,FALSE,FALSE,TRUE,FALSE
"2877","busco.23728at7399.faa",36,584,FALSE,TRUE,FALSE,FALSE,FALSE,FALSE,TRUE,FALSE,FALSE,FALSE,"busco.23728at7399.faa-ag.phy",240,0.589041095890411,FALSE,FALSE,FALSE,FALSE,TRUE
"2889","busco.23790at7399.faa",36,261,FALSE,FALSE,TRUE,FALSE,FALSE,TRUE,FALSE,FALSE,FALSE,FALSE,"busco.23790at7399.faa-ag.phy",199,0.237547892720307,FALSE,TRUE,FALSE,FALSE,FALSE
"2901","busco.23865at7399.faa",34,431,FALSE,FALSE,FALSE,FALSE,TRUE,TRUE,FALSE,FALSE,FALSE,FALSE,"busco.23865at7399.faa-ag.phy",207,0.519721577726218,FALSE,FALSE,FALSE,TRUE,FALSE
"2902","busco.23875at7399.faa",35,186,FALSE,FALSE,FALSE,TRUE,FALSE,FALSE,FALSE,FALSE,TRUE,FALSE,"busco.23875at7399.faa-ag.phy",184,0.010752688172043,TRUE,FALSE,FALSE,FALSE,FALSE
"2937","busco.24032at7399.faa",34,296,FALSE,TRUE,FALSE,FALSE,FALSE,FALSE,FALSE,FALSE,FALSE,TRUE,"busco.24032at7399.faa-ag.phy",290,0.0202702702702703,TRUE,FALSE,FALSE,FALSE,FALSE
"2938","busco.24039at7399.faa",34,416,FALSE,FALSE,TRUE,FALSE,FALSE,FALSE,FALSE,TRUE,FALSE,FALSE,"busco.24039at7399.faa-ag.phy",256,0.384615384615385,FALSE,FALSE,TRUE,FALSE,FALSE
"2943","busco.24055at7399.faa",35,214,TRUE,FALSE,FALSE,FALSE,FALSE,FALSE,FALSE,FALSE,TRUE,FALSE,"busco.24055at7399.faa-ag.phy",198,0.0747663551401869,TRUE,FALSE,FALSE,FALSE,FALSE
"2947","busco.24115at7399.faa",34,531,TRUE,FALSE,FALSE,FALSE,FALSE,TRUE,FALSE,FALSE,FALSE,FALSE,"busco.24115at7399.faa-ag.phy",249,0.531073446327684,FALSE,FALSE,FALSE,TRUE,FALSE
"2957","busco.2414at7399.faa",34,1413,TRUE,FALSE,FALSE,FALSE,FALSE,FALSE,TRUE,FALSE,FALSE,FALSE,"busco.2414at7399.faa-ag.phy",1051,0.256192498230715,FALSE,TRUE,FALSE,FALSE,FALSE
"2958","busco.24155at7399.faa",34,2524,FALSE,FALSE,TRUE,FALSE,FALSE,FALSE,FALSE,FALSE,TRUE,FALSE,"busco.24155at7399.faa-ag.phy",1093,0.566957210776545,FALSE,FALSE,FALSE,FALSE,TRUE
"2960","busco.24158at7399.faa",35,269,FALSE,FALSE,FALSE,TRUE,FALSE,FALSE,FALSE,FALSE,TRUE,FALSE,"busco.24158at7399.faa-ag.phy",206,0.234200743494424,FALSE,TRUE,FALSE,FALSE,FALSE
"2962","busco.24166at7399.faa",35,253,FALSE,FALSE,TRUE,FALSE,FALSE,FALSE,FALSE,FALSE,TRUE,FALSE,"busco.24166at7399.faa-ag.phy",215,0.150197628458498,FALSE,TRUE,FALSE,FALSE,FALSE
"2964","busco.24184at7399.faa",36,222,FALSE,FALSE,FALSE,TRUE,FALSE,FALSE,FALSE,FALSE,TRUE,FALSE,"busco.24184at7399.faa-ag.phy",191,0.13963963963964,TRUE,FALSE,FALSE,FALSE,FALSE
"2965","busco.24186at7399.faa",35,610,TRUE,FALSE,FALSE,FALSE,FALSE,FALSE,FALSE,FALSE,TRUE,FALSE,"busco.24186at7399.faa-ag.phy",175,0.713114754098361,FALSE,FALSE,FALSE,FALSE,TRUE
"2967","busco.24196at7399.faa",35,273,FALSE,FALSE,FALSE,TRUE,FALSE,FALSE,TRUE,FALSE,FALSE,FALSE,"busco.24196at7399.faa-ag.phy",226,0.172161172161172,FALSE,TRUE,FALSE,FALSE,FALSE
"2973","busco.24232at7399.faa",35,399,FALSE,FALSE,FALSE,TRUE,FALSE,FALSE,FALSE,TRUE,FALSE,FALSE,"busco.24232at7399.faa-ag.phy",205,0.486215538847118,FALSE,FALSE,FALSE,TRUE,FALSE
"2984","busco.24277at7399.faa",34,699,TRUE,FALSE,FALSE,FALSE,FALSE,FALSE,TRUE,FALSE,FALSE,FALSE,"busco.24277at7399.faa-ag.phy",192,0.725321888412017,FALSE,FALSE,FALSE,FALSE,TRUE
"3013","busco.24401at7399.faa",37,220,TRUE,FALSE,FALSE,FALSE,FALSE,TRUE,FALSE,FALSE,FALSE,FALSE,"busco.24401at7399.faa-ag.phy",192,0.127272727272727,TRUE,FALSE,FALSE,FALSE,FALSE
"3025","busco.24455at7399.faa",34,831,FALSE,FALSE,FALSE,TRUE,FALSE,FALSE,FALSE,FALSE,TRUE,FALSE,"busco.24455at7399.faa-ag.phy",289,0.65222623345367,FALSE,FALSE,FALSE,FALSE,TRUE
"3036","busco.24534at7399.faa",34,334,FALSE,TRUE,FALSE,FALSE,FALSE,FALSE,FALSE,TRUE,FALSE,FALSE,"busco.24534at7399.faa-ag.phy",230,0.311377245508982,FALSE,FALSE,TRUE,FALSE,FALSE
"3044","busco.24558at7399.faa",34,229,FALSE,TRUE,FALSE,FALSE,FALSE,TRUE,FALSE,FALSE,FALSE,FALSE,"busco.24558at7399.faa-ag.phy",193,0.157205240174672,FALSE,TRUE,FALSE,FALSE,FALSE
"3048","busco.24569at7399.faa",35,434,FALSE,TRUE,FALSE,FALSE,FALSE,FALSE,FALSE,FALSE,TRUE,FALSE,"busco.24569at7399.faa-ag.phy",289,0.334101382488479,FALSE,FALSE,TRUE,FALSE,FALSE
"3059","busco.24627at7399.faa",34,543,FALSE,TRUE,FALSE,FALSE,FALSE,TRUE,FALSE,FALSE,FALSE,FALSE,"busco.24627at7399.faa-ag.phy",266,0.510128913443831,FALSE,FALSE,FALSE,TRUE,FALSE
"3060","busco.2463at7399.faa",34,7907,FALSE,TRUE,FALSE,FALSE,FALSE,FALSE,TRUE,FALSE,FALSE,FALSE,"busco.2463at7399.faa-ag.phy",2002,0.746806627039332,FALSE,FALSE,FALSE,FALSE,TRUE
"3068","busco.24677at7399.faa",35,545,FALSE,FALSE,TRUE,FALSE,FALSE,FALSE,FALSE,FALSE,FALSE,TRUE,"busco.24677at7399.faa-ag.phy",289,0.469724770642202,FALSE,FALSE,FALSE,TRUE,FALSE
"3069","busco.24686at7399.faa",36,708,FALSE,FALSE,FALSE,TRUE,FALSE,FALSE,TRUE,FALSE,FALSE,FALSE,"busco.24686at7399.faa-ag.phy",146,0.793785310734463,FALSE,FALSE,FALSE,FALSE,TRUE
"3070","busco.24688at7399.faa",36,291,FALSE,FALSE,FALSE,TRUE,FALSE,TRUE,FALSE,FALSE,FALSE,FALSE,"busco.24688at7399.faa-ag.phy",219,0.247422680412371,FALSE,TRUE,FALSE,FALSE,FALSE
"3075","busco.24703at7399.faa",35,756,FALSE,FALSE,FALSE,FALSE,TRUE,FALSE,TRUE,FALSE,FALSE,FALSE,"busco.24703at7399.faa-ag.phy",165,0.781746031746032,FALSE,FALSE,FALSE,FALSE,TRUE
"3079","busco.24725at7399.faa",34,623,FALSE,FALSE,TRUE,FALSE,FALSE,FALSE,TRUE,FALSE,FALSE,FALSE,"busco.24725at7399.faa-ag.phy",188,0.698234349919743,FALSE,FALSE,FALSE,FALSE,TRUE
"3081","busco.24730at7399.faa",35,317,FALSE,TRUE,FALSE,FALSE,FALSE,FALSE,FALSE,TRUE,FALSE,FALSE,"busco.24730at7399.faa-ag.phy",291,0.082018927444795,TRUE,FALSE,FALSE,FALSE,FALSE
"3082","busco.24736at7399.faa",34,374,FALSE,FALSE,TRUE,FALSE,FALSE,FALSE,TRUE,FALSE,FALSE,FALSE,"busco.24736at7399.faa-ag.phy",204,0.454545454545455,FALSE,FALSE,FALSE,TRUE,FALSE
"3092","busco.24788at7399.faa",36,982,FALSE,FALSE,FALSE,TRUE,FALSE,FALSE,TRUE,FALSE,FALSE,FALSE,"busco.24788at7399.faa-ag.phy",115,0.882892057026477,FALSE,FALSE,FALSE,FALSE,TRUE
"3093","busco.24793at7399.faa",36,264,TRUE,FALSE,FALSE,FALSE,FALSE,FALSE,FALSE,FALSE,TRUE,FALSE,"busco.24793at7399.faa-ag.phy",210,0.204545454545455,FALSE,TRUE,FALSE,FALSE,FALSE
"3094","busco.24794at7399.faa",34,258,FALSE,FALSE,FALSE,TRUE,FALSE,FALSE,FALSE,FALSE,TRUE,FALSE,"busco.24794at7399.faa-ag.phy",201,0.22093023255814,FALSE,TRUE,FALSE,FALSE,FALSE
"3097","busco.24813at7399.faa",34,196,TRUE,FALSE,FALSE,FALSE,FALSE,TRUE,FALSE,FALSE,FALSE,FALSE,"busco.24813at7399.faa-ag.phy",188,0.0408163265306122,TRUE,FALSE,FALSE,FALSE,FALSE
"3104","busco.24850at7399.faa",34,281,FALSE,TRUE,FALSE,FALSE,FALSE,FALSE,TRUE,FALSE,FALSE,FALSE,"busco.24850at7399.faa-ag.phy",234,0.167259786476868,FALSE,TRUE,FALSE,FALSE,FALSE
"3108","busco.24872at7399.faa",34,681,FALSE,FALSE,TRUE,FALSE,FALSE,FALSE,FALSE,TRUE,FALSE,FALSE,"busco.24872at7399.faa-ag.phy",287,0.57856093979442,FALSE,FALSE,FALSE,FALSE,TRUE
"3113","busco.24886at7399.faa",37,259,FALSE,FALSE,FALSE,FALSE,TRUE,FALSE,FALSE,FALSE,TRUE,FALSE,"busco.24886at7399.faa-ag.phy",227,0.123552123552124,TRUE,FALSE,FALSE,FALSE,FALSE
"3115","busco.24900at7399.faa",34,756,FALSE,FALSE,FALSE,FALSE,TRUE,FALSE,FALSE,FALSE,FALSE,TRUE,"busco.24900at7399.faa-ag.phy",613,0.189153439153439,FALSE,TRUE,FALSE,FALSE,FALSE
"3117","busco.24904at7399.faa",37,475,FALSE,FALSE,TRUE,FALSE,FALSE,FALSE,TRUE,FALSE,FALSE,FALSE,"busco.24904at7399.faa-ag.phy",144,0.696842105263158,FALSE,FALSE,FALSE,FALSE,TRUE
"3122","busco.24923at7399.faa",37,680,TRUE,FALSE,FALSE,FALSE,FALSE,FALSE,FALSE,FALSE,TRUE,FALSE,"busco.24923at7399.faa-ag.phy",181,0.733823529411765,FALSE,FALSE,FALSE,FALSE,TRUE
"3132","busco.24976at7399.faa",35,389,FALSE,FALSE,TRUE,FALSE,FALSE,FALSE,FALSE,FALSE,TRUE,FALSE,"busco.24976at7399.faa-ag.phy",209,0.462724935732648,FALSE,FALSE,FALSE,TRUE,FALSE
"3143","busco.25023at7399.faa",34,285,FALSE,FALSE,FALSE,FALSE,TRUE,FALSE,TRUE,FALSE,FALSE,FALSE,"busco.25023at7399.faa-ag.phy",196,0.312280701754386,FALSE,FALSE,TRUE,FALSE,FALSE
"3146","busco.25041at7399.faa",35,478,FALSE,FALSE,FALSE,FALSE,TRUE,FALSE,TRUE,FALSE,FALSE,FALSE,"busco.25041at7399.faa-ag.phy",222,0.535564853556485,FALSE,FALSE,FALSE,TRUE,FALSE
"3154","busco.25101at7399.faa",37,201,FALSE,FALSE,FALSE,FALSE,TRUE,FALSE,FALSE,TRUE,FALSE,FALSE,"busco.25101at7399.faa-ag.phy",181,0.0995024875621891,TRUE,FALSE,FALSE,FALSE,FALSE
"3161","busco.25129at7399.faa",34,517,FALSE,FALSE,FALSE,TRUE,FALSE,FALSE,FALSE,FALSE,TRUE,FALSE,"busco.25129at7399.faa-ag.phy",201,0.611218568665377,FALSE,FALSE,FALSE,FALSE,TRUE
"3162","busco.25134at7399.faa",36,226,FALSE,FALSE,FALSE,TRUE,FALSE,TRUE,FALSE,FALSE,FALSE,FALSE,"busco.25134at7399.faa-ag.phy",207,0.084070796460177,TRUE,FALSE,FALSE,FALSE,FALSE
"3163","busco.25137at7399.faa",36,242,FALSE,TRUE,FALSE,FALSE,FALSE,FALSE,TRUE,FALSE,FALSE,FALSE,"busco.25137at7399.faa-ag.phy",229,0.0537190082644628,TRUE,FALSE,FALSE,FALSE,FALSE
"3194","busco.25283at7399.faa",34,307,TRUE,FALSE,FALSE,FALSE,FALSE,FALSE,FALSE,TRUE,FALSE,FALSE,"busco.25283at7399.faa-ag.phy",236,0.231270358306189,FALSE,TRUE,FALSE,FALSE,FALSE
"3199","busco.25310at7399.faa",34,229,FALSE,FALSE,FALSE,TRUE,FALSE,FALSE,FALSE,FALSE,TRUE,FALSE,"busco.25310at7399.faa-ag.phy",204,0.109170305676856,TRUE,FALSE,FALSE,FALSE,FALSE
"3200","busco.25317at7399.faa",35,238,FALSE,FALSE,FALSE,TRUE,FALSE,FALSE,TRUE,FALSE,FALSE,FALSE,"busco.25317at7399.faa-ag.phy",165,0.30672268907563,FALSE,FALSE,TRUE,FALSE,FALSE
"3201","busco.25318at7399.faa",36,382,FALSE,FALSE,TRUE,FALSE,FALSE,TRUE,FALSE,FALSE,FALSE,FALSE,"busco.25318at7399.faa-ag.phy",342,0.104712041884817,TRUE,FALSE,FALSE,FALSE,FALSE
"3202","busco.25320at7399.faa",35,301,FALSE,FALSE,FALSE,TRUE,FALSE,FALSE,FALSE,FALSE,TRUE,FALSE,"busco.25320at7399.faa-ag.phy",167,0.445182724252492,FALSE,FALSE,FALSE,TRUE,FALSE
"3204","busco.25327at7399.faa",34,199,FALSE,TRUE,FALSE,FALSE,FALSE,FALSE,TRUE,FALSE,FALSE,FALSE,"busco.25327at7399.faa-ag.phy",186,0.0653266331658292,TRUE,FALSE,FALSE,FALSE,FALSE
"3207","busco.25356at7399.faa",35,204,FALSE,FALSE,FALSE,TRUE,FALSE,FALSE,TRUE,FALSE,FALSE,FALSE,"busco.25356at7399.faa-ag.phy",201,0.0147058823529412,TRUE,FALSE,FALSE,FALSE,FALSE
"3209","busco.25359at7399.faa",34,233,FALSE,FALSE,FALSE,TRUE,FALSE,FALSE,FALSE,FALSE,FALSE,TRUE,"busco.25359at7399.faa-ag.phy",205,0.120171673819742,TRUE,FALSE,FALSE,FALSE,FALSE
"3215","busco.25389at7399.faa",34,686,FALSE,TRUE,FALSE,FALSE,FALSE,FALSE,FALSE,FALSE,TRUE,FALSE,"busco.25389at7399.faa-ag.phy",288,0.580174927113703,FALSE,FALSE,FALSE,FALSE,TRUE
"3225","busco.2543at7399.faa",34,1131,FALSE,FALSE,TRUE,FALSE,FALSE,FALSE,FALSE,FALSE,FALSE,TRUE,"busco.2543at7399.faa-ag.phy",803,0.29000884173298,FALSE,TRUE,FALSE,FALSE,FALSE
"3247","busco.25563at7399.faa",34,334,TRUE,FALSE,FALSE,FALSE,FALSE,TRUE,FALSE,FALSE,FALSE,FALSE,"busco.25563at7399.faa-ag.phy",204,0.389221556886228,FALSE,FALSE,TRUE,FALSE,FALSE
"3268","busco.25710at7399.faa",36,210,FALSE,FALSE,FALSE,FALSE,TRUE,FALSE,TRUE,FALSE,FALSE,FALSE,"busco.25710at7399.faa-ag.phy",209,0.00476190476190476,TRUE,FALSE,FALSE,FALSE,FALSE
"3285","busco.25760at7399.faa",34,246,TRUE,FALSE,FALSE,FALSE,FALSE,FALSE,FALSE,TRUE,FALSE,FALSE,"busco.25760at7399.faa-ag.phy",137,0.443089430894309,FALSE,FALSE,FALSE,TRUE,FALSE
"3295","busco.25794at7399.faa",34,181,FALSE,FALSE,FALSE,FALSE,TRUE,FALSE,FALSE,FALSE,FALSE,TRUE,"busco.25794at7399.faa-ag.phy",162,0.104972375690608,TRUE,FALSE,FALSE,FALSE,FALSE
"3304","busco.25835at7399.faa",34,208,FALSE,TRUE,FALSE,FALSE,FALSE,FALSE,FALSE,FALSE,FALSE,TRUE,"busco.25835at7399.faa-ag.phy",180,0.134615384615385,TRUE,FALSE,FALSE,FALSE,FALSE
"3321","busco.25918at7399.faa",35,166,TRUE,FALSE,FALSE,FALSE,FALSE,FALSE,FALSE,FALSE,TRUE,FALSE,"busco.25918at7399.faa-ag.phy",125,0.246987951807229,FALSE,TRUE,FALSE,FALSE,FALSE
"3325","busco.25923at7399.faa",35,355,FALSE,TRUE,FALSE,FALSE,FALSE,FALSE,TRUE,FALSE,FALSE,FALSE,"busco.25923at7399.faa-ag.phy",167,0.529577464788732,FALSE,FALSE,FALSE,TRUE,FALSE
"3330","busco.25939at7399.faa",36,230,TRUE,FALSE,FALSE,FALSE,FALSE,FALSE,TRUE,FALSE,FALSE,FALSE,"busco.25939at7399.faa-ag.phy",165,0.282608695652174,FALSE,TRUE,FALSE,FALSE,FALSE
"3337","busco.25988at7399.faa",34,206,FALSE,FALSE,FALSE,FALSE,TRUE,FALSE,FALSE,FALSE,TRUE,FALSE,"busco.25988at7399.faa-ag.phy",197,0.0436893203883495,TRUE,FALSE,FALSE,FALSE,FALSE
"3341","busco.26011at7399.faa",36,252,FALSE,FALSE,TRUE,FALSE,FALSE,FALSE,FALSE,FALSE,FALSE,TRUE,"busco.26011at7399.faa-ag.phy",154,0.388888888888889,FALSE,FALSE,TRUE,FALSE,FALSE
"3342","busco.26015at7399.faa",35,239,FALSE,TRUE,FALSE,FALSE,FALSE,FALSE,FALSE,FALSE,FALSE,TRUE,"busco.26015at7399.faa-ag.phy",174,0.271966527196653,FALSE,TRUE,FALSE,FALSE,FALSE
"3349","busco.26056at7399.faa",35,413,FALSE,TRUE,FALSE,FALSE,FALSE,FALSE,FALSE,FALSE,TRUE,FALSE,"busco.26056at7399.faa-ag.phy",219,0.469733656174334,FALSE,FALSE,FALSE,TRUE,FALSE
"3353","busco.26081at7399.faa",34,1028,FALSE,FALSE,FALSE,TRUE,FALSE,TRUE,FALSE,FALSE,FALSE,FALSE,"busco.26081at7399.faa-ag.phy",172,0.832684824902724,FALSE,FALSE,FALSE,FALSE,TRUE
"3370","busco.26195at7399.faa",35,221,FALSE,FALSE,FALSE,TRUE,FALSE,FALSE,FALSE,TRUE,FALSE,FALSE,"busco.26195at7399.faa-ag.phy",201,0.0904977375565611,TRUE,FALSE,FALSE,FALSE,FALSE
"3374","busco.26210at7399.faa",36,405,FALSE,FALSE,FALSE,TRUE,FALSE,FALSE,FALSE,FALSE,FALSE,TRUE,"busco.26210at7399.faa-ag.phy",230,0.432098765432099,FALSE,FALSE,FALSE,TRUE,FALSE
"3378","busco.26233at7399.faa",34,269,FALSE,FALSE,TRUE,FALSE,FALSE,TRUE,FALSE,FALSE,FALSE,FALSE,"busco.26233at7399.faa-ag.phy",248,0.0780669144981413,TRUE,FALSE,FALSE,FALSE,FALSE
"3392","busco.26296at7399.faa",34,766,FALSE,FALSE,FALSE,FALSE,TRUE,FALSE,FALSE,TRUE,FALSE,FALSE,"busco.26296at7399.faa-ag.phy",347,0.546997389033943,FALSE,FALSE,FALSE,TRUE,FALSE
"3396","busco.2629at7399.faa",34,1494,FALSE,FALSE,TRUE,FALSE,FALSE,FALSE,FALSE,FALSE,FALSE,TRUE,"busco.2629at7399.faa-ag.phy",953,0.362115127175368,FALSE,FALSE,TRUE,FALSE,FALSE
"3403","busco.26336at7399.faa",36,362,FALSE,FALSE,FALSE,FALSE,TRUE,FALSE,FALSE,TRUE,FALSE,FALSE,"busco.26336at7399.faa-ag.phy",185,0.488950276243094,FALSE,FALSE,FALSE,TRUE,FALSE
"3407","busco.26364at7399.faa",34,300,FALSE,FALSE,FALSE,FALSE,TRUE,FALSE,FALSE,TRUE,FALSE,FALSE,"busco.26364at7399.faa-ag.phy",260,0.133333333333333,TRUE,FALSE,FALSE,FALSE,FALSE
"3424","busco.26463at7399.faa",35,1071,FALSE,FALSE,FALSE,TRUE,FALSE,FALSE,FALSE,FALSE,TRUE,FALSE,"busco.26463at7399.faa-ag.phy",154,0.856209150326797,FALSE,FALSE,FALSE,FALSE,TRUE
"3427","busco.26470at7399.faa",34,576,TRUE,FALSE,FALSE,FALSE,FALSE,FALSE,TRUE,FALSE,FALSE,FALSE,"busco.26470at7399.faa-ag.phy",346,0.399305555555556,FALSE,FALSE,TRUE,FALSE,FALSE
"3430","busco.26491at7399.faa",35,236,FALSE,FALSE,FALSE,FALSE,TRUE,FALSE,FALSE,FALSE,TRUE,FALSE,"busco.26491at7399.faa-ag.phy",236,0,TRUE,FALSE,FALSE,FALSE,FALSE
"3431","busco.26495at7399.faa",36,324,FALSE,FALSE,FALSE,FALSE,TRUE,FALSE,FALSE,FALSE,FALSE,TRUE,"busco.26495at7399.faa-ag.phy",234,0.277777777777778,FALSE,TRUE,FALSE,FALSE,FALSE
"3442","busco.26582at7399.faa",34,606,FALSE,FALSE,FALSE,TRUE,FALSE,FALSE,FALSE,TRUE,FALSE,FALSE,"busco.26582at7399.faa-ag.phy",277,0.542904290429043,FALSE,FALSE,FALSE,TRUE,FALSE
"3449","busco.26613at7399.faa",35,230,FALSE,FALSE,FALSE,TRUE,FALSE,TRUE,FALSE,FALSE,FALSE,FALSE,"busco.26613at7399.faa-ag.phy",163,0.291304347826087,FALSE,TRUE,FALSE,FALSE,FALSE
"3450","busco.26614at7399.faa",36,196,FALSE,TRUE,FALSE,FALSE,FALSE,FALSE,FALSE,FALSE,TRUE,FALSE,"busco.26614at7399.faa-ag.phy",180,0.0816326530612245,TRUE,FALSE,FALSE,FALSE,FALSE
"3453","busco.26625at7399.faa",34,678,TRUE,FALSE,FALSE,FALSE,FALSE,FALSE,FALSE,TRUE,FALSE,FALSE,"busco.26625at7399.faa-ag.phy",233,0.656342182890855,FALSE,FALSE,FALSE,FALSE,TRUE
"3462","busco.26677at7399.faa",36,239,FALSE,FALSE,FALSE,TRUE,FALSE,FALSE,FALSE,FALSE,TRUE,FALSE,"busco.26677at7399.faa-ag.phy",219,0.0836820083682008,TRUE,FALSE,FALSE,FALSE,FALSE
"3473","busco.26745at7399.faa",36,173,FALSE,TRUE,FALSE,FALSE,FALSE,FALSE,TRUE,FALSE,FALSE,FALSE,"busco.26745at7399.faa-ag.phy",164,0.0520231213872832,TRUE,FALSE,FALSE,FALSE,FALSE
"3499","busco.26841at7399.faa",35,174,FALSE,TRUE,FALSE,FALSE,FALSE,FALSE,FALSE,FALSE,FALSE,TRUE,"busco.26841at7399.faa-ag.phy",148,0.149425287356322,TRUE,FALSE,FALSE,FALSE,FALSE
"3511","busco.26908at7399.faa",34,292,FALSE,TRUE,FALSE,FALSE,FALSE,FALSE,FALSE,TRUE,FALSE,FALSE,"busco.26908at7399.faa-ag.phy",179,0.386986301369863,FALSE,FALSE,TRUE,FALSE,FALSE
"3530","busco.27006at7399.faa",35,210,FALSE,FALSE,FALSE,FALSE,TRUE,FALSE,FALSE,TRUE,FALSE,FALSE,"busco.27006at7399.faa-ag.phy",162,0.228571428571429,FALSE,TRUE,FALSE,FALSE,FALSE
"3531","busco.27007at7399.faa",35,991,FALSE,FALSE,FALSE,FALSE,TRUE,FALSE,FALSE,TRUE,FALSE,FALSE,"busco.27007at7399.faa-ag.phy",156,0.842583249243189,FALSE,FALSE,FALSE,FALSE,TRUE
"3532","busco.27014at7399.faa",34,205,FALSE,FALSE,FALSE,FALSE,TRUE,FALSE,FALSE,FALSE,TRUE,FALSE,"busco.27014at7399.faa-ag.phy",176,0.141463414634146,TRUE,FALSE,FALSE,FALSE,FALSE
"3536","busco.27030at7399.faa",35,205,FALSE,FALSE,FALSE,FALSE,TRUE,TRUE,FALSE,FALSE,FALSE,FALSE,"busco.27030at7399.faa-ag.phy",151,0.263414634146341,FALSE,TRUE,FALSE,FALSE,FALSE
"3544","busco.27095at7399.faa",36,211,FALSE,FALSE,FALSE,TRUE,FALSE,FALSE,FALSE,FALSE,TRUE,FALSE,"busco.27095at7399.faa-ag.phy",170,0.194312796208531,FALSE,TRUE,FALSE,FALSE,FALSE
"3565","busco.27218at7399.faa",37,286,FALSE,FALSE,FALSE,FALSE,TRUE,FALSE,FALSE,TRUE,FALSE,FALSE,"busco.27218at7399.faa-ag.phy",194,0.321678321678322,FALSE,FALSE,TRUE,FALSE,FALSE
"3569","busco.27248at7399.faa",37,236,FALSE,FALSE,FALSE,TRUE,FALSE,FALSE,FALSE,FALSE,FALSE,TRUE,"busco.27248at7399.faa-ag.phy",188,0.203389830508475,FALSE,TRUE,FALSE,FALSE,FALSE
"3581","busco.27305at7399.faa",36,333,FALSE,FALSE,TRUE,FALSE,FALSE,FALSE,FALSE,TRUE,FALSE,FALSE,"busco.27305at7399.faa-ag.phy",254,0.237237237237237,FALSE,TRUE,FALSE,FALSE,FALSE
"3610","busco.27502at7399.faa",34,203,FALSE,FALSE,TRUE,FALSE,FALSE,TRUE,FALSE,FALSE,FALSE,FALSE,"busco.27502at7399.faa-ag.phy",165,0.187192118226601,FALSE,TRUE,FALSE,FALSE,FALSE
"3616","busco.27552at7399.faa",34,184,FALSE,FALSE,FALSE,TRUE,FALSE,TRUE,FALSE,FALSE,FALSE,FALSE,"busco.27552at7399.faa-ag.phy",177,0.0380434782608696,TRUE,FALSE,FALSE,FALSE,FALSE
"3618","busco.27557at7399.faa",36,208,FALSE,TRUE,FALSE,FALSE,FALSE,FALSE,FALSE,FALSE,TRUE,FALSE,"busco.27557at7399.faa-ag.phy",165,0.206730769230769,FALSE,TRUE,FALSE,FALSE,FALSE
"3619","busco.27565at7399.faa",34,301,FALSE,TRUE,FALSE,FALSE,FALSE,FALSE,FALSE,FALSE,TRUE,FALSE,"busco.27565at7399.faa-ag.phy",292,0.0299003322259136,TRUE,FALSE,FALSE,FALSE,FALSE
"3627","busco.27598at7399.faa",34,161,FALSE,FALSE,FALSE,FALSE,TRUE,FALSE,FALSE,FALSE,FALSE,TRUE,"busco.27598at7399.faa-ag.phy",154,0.0434782608695652,TRUE,FALSE,FALSE,FALSE,FALSE
"3657","busco.27807at7399.faa",34,174,TRUE,FALSE,FALSE,FALSE,FALSE,FALSE,FALSE,TRUE,FALSE,FALSE,"busco.27807at7399.faa-ag.phy",159,0.0862068965517241,TRUE,FALSE,FALSE,FALSE,FALSE
"3663","busco.27819at7399.faa",36,397,FALSE,FALSE,FALSE,TRUE,FALSE,FALSE,TRUE,FALSE,FALSE,FALSE,"busco.27819at7399.faa-ag.phy",202,0.491183879093199,FALSE,FALSE,FALSE,TRUE,FALSE
"3664","busco.27833at7399.faa",37,185,FALSE,FALSE,FALSE,FALSE,TRUE,TRUE,FALSE,FALSE,FALSE,FALSE,"busco.27833at7399.faa-ag.phy",98,0.47027027027027,FALSE,FALSE,FALSE,TRUE,FALSE
"3665","busco.27838at7399.faa",34,232,TRUE,FALSE,FALSE,FALSE,FALSE,TRUE,FALSE,FALSE,FALSE,FALSE,"busco.27838at7399.faa-ag.phy",160,0.310344827586207,FALSE,FALSE,TRUE,FALSE,FALSE
"3677","busco.27895at7399.faa",34,166,FALSE,FALSE,FALSE,TRUE,FALSE,FALSE,FALSE,FALSE,TRUE,FALSE,"busco.27895at7399.faa-ag.phy",121,0.271084337349398,FALSE,TRUE,FALSE,FALSE,FALSE
"3688","busco.27941at7399.faa",34,748,FALSE,FALSE,TRUE,FALSE,FALSE,FALSE,FALSE,FALSE,TRUE,FALSE,"busco.27941at7399.faa-ag.phy",236,0.684491978609626,FALSE,FALSE,FALSE,FALSE,TRUE
"3705","busco.28014at7399.faa",34,186,FALSE,TRUE,FALSE,FALSE,FALSE,FALSE,FALSE,TRUE,FALSE,FALSE,"busco.28014at7399.faa-ag.phy",178,0.043010752688172,TRUE,FALSE,FALSE,FALSE,FALSE
"3712","busco.28054at7399.faa",35,201,FALSE,FALSE,TRUE,FALSE,FALSE,FALSE,FALSE,TRUE,FALSE,FALSE,"busco.28054at7399.faa-ag.phy",177,0.119402985074627,TRUE,FALSE,FALSE,FALSE,FALSE
"3718","busco.2810at7399.faa",36,1652,TRUE,FALSE,FALSE,FALSE,FALSE,FALSE,TRUE,FALSE,FALSE,FALSE,"busco.2810at7399.faa-ag.phy",1019,0.38317191283293,FALSE,FALSE,TRUE,FALSE,FALSE
"3723","busco.28134at7399.faa",35,796,FALSE,TRUE,FALSE,FALSE,FALSE,TRUE,FALSE,FALSE,FALSE,FALSE,"busco.28134at7399.faa-ag.phy",127,0.840452261306533,FALSE,FALSE,FALSE,FALSE,TRUE
"3730","busco.28173at7399.faa",34,397,TRUE,FALSE,FALSE,FALSE,FALSE,FALSE,FALSE,FALSE,FALSE,TRUE,"busco.28173at7399.faa-ag.phy",151,0.619647355163728,FALSE,FALSE,FALSE,FALSE,TRUE
"3732","busco.28180at7399.faa",35,188,FALSE,FALSE,FALSE,FALSE,TRUE,TRUE,FALSE,FALSE,FALSE,FALSE,"busco.28180at7399.faa-ag.phy",140,0.25531914893617,FALSE,TRUE,FALSE,FALSE,FALSE
"3740","busco.28225at7399.faa",36,842,FALSE,FALSE,TRUE,FALSE,FALSE,FALSE,FALSE,FALSE,TRUE,FALSE,"busco.28225at7399.faa-ag.phy",126,0.850356294536817,FALSE,FALSE,FALSE,FALSE,TRUE
"3741","busco.28233at7399.faa",34,275,FALSE,FALSE,FALSE,TRUE,FALSE,TRUE,FALSE,FALSE,FALSE,FALSE,"busco.28233at7399.faa-ag.phy",131,0.523636363636364,FALSE,FALSE,FALSE,TRUE,FALSE
"3754","busco.28273at7399.faa",35,216,TRUE,FALSE,FALSE,FALSE,FALSE,FALSE,FALSE,TRUE,FALSE,FALSE,"busco.28273at7399.faa-ag.phy",122,0.435185185185185,FALSE,FALSE,FALSE,TRUE,FALSE
"3758","busco.28301at7399.faa",35,249,FALSE,FALSE,FALSE,TRUE,FALSE,FALSE,FALSE,TRUE,FALSE,FALSE,"busco.28301at7399.faa-ag.phy",89,0.642570281124498,FALSE,FALSE,FALSE,FALSE,TRUE
"3760","busco.28306at7399.faa",35,202,TRUE,FALSE,FALSE,FALSE,FALSE,TRUE,FALSE,FALSE,FALSE,FALSE,"busco.28306at7399.faa-ag.phy",142,0.297029702970297,FALSE,TRUE,FALSE,FALSE,FALSE
"3784","busco.28479at7399.faa",36,196,FALSE,FALSE,FALSE,TRUE,FALSE,FALSE,TRUE,FALSE,FALSE,FALSE,"busco.28479at7399.faa-ag.phy",138,0.295918367346939,FALSE,TRUE,FALSE,FALSE,FALSE
"3789","busco.28497at7399.faa",35,484,FALSE,FALSE,FALSE,TRUE,FALSE,FALSE,TRUE,FALSE,FALSE,FALSE,"busco.28497at7399.faa-ag.phy",258,0.466942148760331,FALSE,FALSE,FALSE,TRUE,FALSE
"3794","busco.28541at7399.faa",34,126,FALSE,TRUE,FALSE,FALSE,FALSE,FALSE,TRUE,FALSE,FALSE,FALSE,"busco.28541at7399.faa-ag.phy",125,0.00793650793650794,TRUE,FALSE,FALSE,FALSE,FALSE
"3796","busco.28565at7399.faa",36,579,FALSE,TRUE,FALSE,FALSE,FALSE,FALSE,FALSE,FALSE,TRUE,FALSE,"busco.28565at7399.faa-ag.phy",99,0.829015544041451,FALSE,FALSE,FALSE,FALSE,TRUE
"3797","busco.28586at7399.faa",34,170,FALSE,FALSE,FALSE,TRUE,FALSE,TRUE,FALSE,FALSE,FALSE,FALSE,"busco.28586at7399.faa-ag.phy",160,0.0588235294117647,TRUE,FALSE,FALSE,FALSE,FALSE
"3800","busco.2858at7399.faa",34,2368,FALSE,FALSE,FALSE,FALSE,TRUE,FALSE,FALSE,TRUE,FALSE,FALSE,"busco.2858at7399.faa-ag.phy",811,0.657516891891892,FALSE,FALSE,FALSE,FALSE,TRUE
"3802","busco.28598at7399.faa",34,179,FALSE,FALSE,TRUE,FALSE,FALSE,FALSE,FALSE,FALSE,FALSE,TRUE,"busco.28598at7399.faa-ag.phy",116,0.35195530726257,FALSE,FALSE,TRUE,FALSE,FALSE
"3817","busco.28688at7399.faa",35,151,FALSE,FALSE,FALSE,FALSE,TRUE,FALSE,FALSE,FALSE,FALSE,TRUE,"busco.28688at7399.faa-ag.phy",108,0.28476821192053,FALSE,TRUE,FALSE,FALSE,FALSE
"3819","busco.28704at7399.faa",36,455,FALSE,FALSE,TRUE,FALSE,FALSE,FALSE,FALSE,FALSE,FALSE,TRUE,"busco.28704at7399.faa-ag.phy",122,0.731868131868132,FALSE,FALSE,FALSE,FALSE,TRUE
"3841","busco.28847at7399.faa",35,214,TRUE,FALSE,FALSE,FALSE,FALSE,TRUE,FALSE,FALSE,FALSE,FALSE,"busco.28847at7399.faa-ag.phy",211,0.014018691588785,TRUE,FALSE,FALSE,FALSE,FALSE
"3847","busco.28892at7399.faa",34,133,FALSE,FALSE,FALSE,TRUE,FALSE,FALSE,FALSE,FALSE,FALSE,TRUE,"busco.28892at7399.faa-ag.phy",122,0.0827067669172932,TRUE,FALSE,FALSE,FALSE,FALSE
"3850","busco.28916at7399.faa",34,219,FALSE,TRUE,FALSE,FALSE,FALSE,FALSE,TRUE,FALSE,FALSE,FALSE,"busco.28916at7399.faa-ag.phy",116,0.470319634703196,FALSE,FALSE,FALSE,TRUE,FALSE
"3853","busco.28923at7399.faa",35,162,FALSE,TRUE,FALSE,FALSE,FALSE,FALSE,FALSE,FALSE,TRUE,FALSE,"busco.28923at7399.faa-ag.phy",130,0.197530864197531,FALSE,TRUE,FALSE,FALSE,FALSE
"3855","busco.28932at7399.faa",34,187,FALSE,FALSE,FALSE,FALSE,TRUE,FALSE,TRUE,FALSE,FALSE,FALSE,"busco.28932at7399.faa-ag.phy",122,0.347593582887701,FALSE,FALSE,TRUE,FALSE,FALSE
"3856","busco.28937at7399.faa",34,244,TRUE,FALSE,FALSE,FALSE,FALSE,FALSE,TRUE,FALSE,FALSE,FALSE,"busco.28937at7399.faa-ag.phy",174,0.286885245901639,FALSE,TRUE,FALSE,FALSE,FALSE
"3866","busco.28990at7399.faa",37,297,FALSE,FALSE,FALSE,TRUE,FALSE,FALSE,TRUE,FALSE,FALSE,FALSE,"busco.28990at7399.faa-ag.phy",158,0.468013468013468,FALSE,FALSE,FALSE,TRUE,FALSE
"3871","busco.29018at7399.faa",36,130,FALSE,TRUE,FALSE,FALSE,FALSE,FALSE,FALSE,FALSE,TRUE,FALSE,"busco.29018at7399.faa-ag.phy",117,0.1,TRUE,FALSE,FALSE,FALSE,FALSE
"3887","busco.29159at7399.faa",35,329,FALSE,FALSE,FALSE,TRUE,FALSE,FALSE,FALSE,TRUE,FALSE,FALSE,"busco.29159at7399.faa-ag.phy",108,0.671732522796353,FALSE,FALSE,FALSE,FALSE,TRUE
"3896","busco.29227at7399.faa",36,225,FALSE,FALSE,FALSE,FALSE,TRUE,TRUE,FALSE,FALSE,FALSE,FALSE,"busco.29227at7399.faa-ag.phy",127,0.435555555555556,FALSE,FALSE,FALSE,TRUE,FALSE
"3897","busco.2922at7399.faa",34,1513,FALSE,FALSE,FALSE,FALSE,TRUE,FALSE,FALSE,FALSE,TRUE,FALSE,"busco.2922at7399.faa-ag.phy",844,0.44216787838731,FALSE,FALSE,FALSE,TRUE,FALSE
"3898","busco.29232at7399.faa",36,378,FALSE,FALSE,FALSE,TRUE,FALSE,FALSE,FALSE,TRUE,FALSE,FALSE,"busco.29232at7399.faa-ag.phy",259,0.314814814814815,FALSE,FALSE,TRUE,FALSE,FALSE
"3907","busco.29303at7399.faa",35,249,FALSE,FALSE,FALSE,FALSE,TRUE,TRUE,FALSE,FALSE,FALSE,FALSE,"busco.29303at7399.faa-ag.phy",178,0.285140562248996,FALSE,TRUE,FALSE,FALSE,FALSE
"3912","busco.29321at7399.faa",36,178,FALSE,FALSE,TRUE,FALSE,FALSE,TRUE,FALSE,FALSE,FALSE,FALSE,"busco.29321at7399.faa-ag.phy",130,0.269662921348315,FALSE,TRUE,FALSE,FALSE,FALSE
"3915","busco.29365at7399.faa",36,274,FALSE,FALSE,FALSE,FALSE,TRUE,FALSE,FALSE,FALSE,FALSE,TRUE,"busco.29365at7399.faa-ag.phy",165,0.397810218978102,FALSE,FALSE,TRUE,FALSE,FALSE
"3924","busco.29414at7399.faa",36,173,FALSE,TRUE,FALSE,FALSE,FALSE,FALSE,FALSE,FALSE,FALSE,TRUE,"busco.29414at7399.faa-ag.phy",130,0.248554913294798,FALSE,TRUE,FALSE,FALSE,FALSE
"3929","busco.29480at7399.faa",34,632,TRUE,FALSE,FALSE,FALSE,FALSE,TRUE,FALSE,FALSE,FALSE,FALSE,"busco.29480at7399.faa-ag.phy",134,0.787974683544304,FALSE,FALSE,FALSE,FALSE,TRUE
"3947","busco.29639at7399.faa",34,342,TRUE,FALSE,FALSE,FALSE,FALSE,FALSE,FALSE,TRUE,FALSE,FALSE,"busco.29639at7399.faa-ag.phy",117,0.657894736842105,FALSE,FALSE,FALSE,FALSE,TRUE
"3949","busco.29643at7399.faa",34,179,TRUE,FALSE,FALSE,FALSE,FALSE,FALSE,FALSE,FALSE,TRUE,FALSE,"busco.29643at7399.faa-ag.phy",131,0.268156424581006,FALSE,TRUE,FALSE,FALSE,FALSE
"3953","busco.29721at7399.faa",35,280,FALSE,FALSE,TRUE,FALSE,FALSE,FALSE,TRUE,FALSE,FALSE,FALSE,"busco.29721at7399.faa-ag.phy",102,0.635714285714286,FALSE,FALSE,FALSE,FALSE,TRUE
"3956","busco.29725at7399.faa",35,219,FALSE,FALSE,FALSE,TRUE,FALSE,FALSE,FALSE,FALSE,FALSE,TRUE,"busco.29725at7399.faa-ag.phy",165,0.246575342465753,FALSE,TRUE,FALSE,FALSE,FALSE
"3970","busco.2980at7399.faa",35,2522,FALSE,FALSE,FALSE,FALSE,TRUE,FALSE,TRUE,FALSE,FALSE,FALSE,"busco.2980at7399.faa-ag.phy",969,0.615781126090404,FALSE,FALSE,FALSE,FALSE,TRUE
"3977","busco.29853at7399.faa",34,155,FALSE,TRUE,FALSE,FALSE,FALSE,FALSE,FALSE,FALSE,FALSE,TRUE,"busco.29853at7399.faa-ag.phy",106,0.316129032258064,FALSE,FALSE,TRUE,FALSE,FALSE
"3980","busco.29875at7399.faa",37,201,FALSE,FALSE,FALSE,FALSE,TRUE,TRUE,FALSE,FALSE,FALSE,FALSE,"busco.29875at7399.faa-ag.phy",142,0.293532338308458,FALSE,TRUE,FALSE,FALSE,FALSE
"3984","busco.29906at7399.faa",35,467,FALSE,FALSE,TRUE,FALSE,FALSE,FALSE,FALSE,FALSE,FALSE,TRUE,"busco.29906at7399.faa-ag.phy",146,0.687366167023555,FALSE,FALSE,FALSE,FALSE,TRUE
"3986","busco.29925at7399.faa",36,1051,FALSE,FALSE,FALSE,TRUE,FALSE,TRUE,FALSE,FALSE,FALSE,FALSE,"busco.29925at7399.faa-ag.phy",380,0.638439581351094,FALSE,FALSE,FALSE,FALSE,TRUE
"3994","busco.29963at7399.faa",35,464,TRUE,FALSE,FALSE,FALSE,FALSE,FALSE,TRUE,FALSE,FALSE,FALSE,"busco.29963at7399.faa-ag.phy",143,0.691810344827586,FALSE,FALSE,FALSE,FALSE,TRUE
"4002","busco.30023at7399.faa",35,344,FALSE,TRUE,FALSE,FALSE,FALSE,FALSE,FALSE,FALSE,TRUE,FALSE,"busco.30023at7399.faa-ag.phy",201,0.415697674418605,FALSE,FALSE,TRUE,FALSE,FALSE
"4004","busco.30029at7399.faa",35,578,FALSE,FALSE,TRUE,FALSE,FALSE,FALSE,FALSE,TRUE,FALSE,FALSE,"busco.30029at7399.faa-ag.phy",225,0.610726643598616,FALSE,FALSE,FALSE,FALSE,TRUE
"4006","busco.30039at7399.faa",34,144,FALSE,FALSE,FALSE,FALSE,TRUE,FALSE,FALSE,FALSE,TRUE,FALSE,"busco.30039at7399.faa-ag.phy",78,0.458333333333333,FALSE,FALSE,FALSE,TRUE,FALSE
"4014","busco.30067at7399.faa",36,174,FALSE,TRUE,FALSE,FALSE,FALSE,FALSE,FALSE,FALSE,FALSE,TRUE,"busco.30067at7399.faa-ag.phy",160,0.0804597701149425,TRUE,FALSE,FALSE,FALSE,FALSE
"4027","busco.30154at7399.faa",35,135,FALSE,FALSE,TRUE,FALSE,FALSE,FALSE,TRUE,FALSE,FALSE,FALSE,"busco.30154at7399.faa-ag.phy",122,0.0962962962962963,TRUE,FALSE,FALSE,FALSE,FALSE
"4029","busco.30162at7399.faa",34,162,FALSE,TRUE,FALSE,FALSE,FALSE,FALSE,FALSE,FALSE,TRUE,FALSE,"busco.30162at7399.faa-ag.phy",114,0.296296296296296,FALSE,TRUE,FALSE,FALSE,FALSE
"4030","busco.30172at7399.faa",36,111,FALSE,FALSE,TRUE,FALSE,FALSE,FALSE,FALSE,TRUE,FALSE,FALSE,"busco.30172at7399.faa-ag.phy",98,0.117117117117117,TRUE,FALSE,FALSE,FALSE,FALSE
"4033","busco.30182at7399.faa",35,174,FALSE,FALSE,FALSE,TRUE,FALSE,FALSE,FALSE,FALSE,FALSE,TRUE,"busco.30182at7399.faa-ag.phy",118,0.32183908045977,FALSE,FALSE,TRUE,FALSE,FALSE
"4036","busco.30210at7399.faa",35,145,TRUE,FALSE,FALSE,FALSE,FALSE,FALSE,FALSE,FALSE,TRUE,FALSE,"busco.30210at7399.faa-ag.phy",77,0.468965517241379,FALSE,FALSE,FALSE,TRUE,FALSE
"4039","busco.30220at7399.faa",34,229,FALSE,FALSE,FALSE,TRUE,FALSE,FALSE,TRUE,FALSE,FALSE,FALSE,"busco.30220at7399.faa-ag.phy",126,0.449781659388646,FALSE,FALSE,FALSE,TRUE,FALSE
"4040","busco.30222at7399.faa",34,162,TRUE,FALSE,FALSE,FALSE,FALSE,FALSE,FALSE,FALSE,TRUE,FALSE,"busco.30222at7399.faa-ag.phy",85,0.475308641975309,FALSE,FALSE,FALSE,TRUE,FALSE
"4048","busco.30309at7399.faa",34,130,FALSE,FALSE,FALSE,FALSE,TRUE,FALSE,FALSE,FALSE,FALSE,TRUE,"busco.30309at7399.faa-ag.phy",80,0.384615384615385,FALSE,FALSE,TRUE,FALSE,FALSE
"4060","busco.30373at7399.faa",35,278,FALSE,FALSE,FALSE,TRUE,FALSE,FALSE,FALSE,FALSE,FALSE,TRUE,"busco.30373at7399.faa-ag.phy",215,0.226618705035971,FALSE,TRUE,FALSE,FALSE,FALSE
"4064","busco.30396at7399.faa",34,111,FALSE,FALSE,FALSE,TRUE,FALSE,FALSE,FALSE,TRUE,FALSE,FALSE,"busco.30396at7399.faa-ag.phy",99,0.108108108108108,TRUE,FALSE,FALSE,FALSE,FALSE
"4072","busco.30449at7399.faa",34,149,FALSE,TRUE,FALSE,FALSE,FALSE,FALSE,FALSE,TRUE,FALSE,FALSE,"busco.30449at7399.faa-ag.phy",114,0.23489932885906,FALSE,TRUE,FALSE,FALSE,FALSE
"4073","busco.30450at7399.faa",34,159,FALSE,TRUE,FALSE,FALSE,FALSE,FALSE,FALSE,FALSE,FALSE,TRUE,"busco.30450at7399.faa-ag.phy",123,0.226415094339623,FALSE,TRUE,FALSE,FALSE,FALSE
"4090","busco.30626at7399.faa",34,97,TRUE,FALSE,FALSE,FALSE,FALSE,TRUE,FALSE,FALSE,FALSE,FALSE,"busco.30626at7399.faa-ag.phy",94,0.0309278350515464,TRUE,FALSE,FALSE,FALSE,FALSE
"4091","busco.30646at7399.faa",34,173,TRUE,FALSE,FALSE,FALSE,FALSE,FALSE,FALSE,TRUE,FALSE,FALSE,"busco.30646at7399.faa-ag.phy",132,0.236994219653179,FALSE,TRUE,FALSE,FALSE,FALSE
"4114","busco.30844at7399.faa",35,118,FALSE,FALSE,FALSE,FALSE,TRUE,FALSE,FALSE,FALSE,TRUE,FALSE,"busco.30844at7399.faa-ag.phy",107,0.0932203389830508,TRUE,FALSE,FALSE,FALSE,FALSE
"4132","busco.30928at7399.faa",34,172,FALSE,FALSE,FALSE,TRUE,FALSE,TRUE,FALSE,FALSE,FALSE,FALSE,"busco.30928at7399.faa-ag.phy",163,0.0523255813953488,TRUE,FALSE,FALSE,FALSE,FALSE
"4136","busco.30973at7399.faa",34,262,FALSE,FALSE,FALSE,TRUE,FALSE,TRUE,FALSE,FALSE,FALSE,FALSE,"busco.30973at7399.faa-ag.phy",192,0.267175572519084,FALSE,TRUE,FALSE,FALSE,FALSE
"4150","busco.31079at7399.faa",35,260,FALSE,FALSE,FALSE,TRUE,FALSE,FALSE,TRUE,FALSE,FALSE,FALSE,"busco.31079at7399.faa-ag.phy",129,0.503846153846154,FALSE,FALSE,FALSE,TRUE,FALSE
"4157","busco.31156at7399.faa",35,175,FALSE,FALSE,TRUE,FALSE,FALSE,FALSE,TRUE,FALSE,FALSE,FALSE,"busco.31156at7399.faa-ag.phy",115,0.342857142857143,FALSE,FALSE,TRUE,FALSE,FALSE
"4163","busco.31206at7399.faa",34,136,TRUE,FALSE,FALSE,FALSE,FALSE,FALSE,TRUE,FALSE,FALSE,FALSE,"busco.31206at7399.faa-ag.phy",87,0.360294117647059,FALSE,FALSE,TRUE,FALSE,FALSE
"4165","busco.31218at7399.faa",35,470,TRUE,FALSE,FALSE,FALSE,FALSE,FALSE,FALSE,TRUE,FALSE,FALSE,"busco.31218at7399.faa-ag.phy",117,0.751063829787234,FALSE,FALSE,FALSE,FALSE,TRUE
"4168","busco.31234at7399.faa",34,275,FALSE,TRUE,FALSE,FALSE,FALSE,FALSE,TRUE,FALSE,FALSE,FALSE,"busco.31234at7399.faa-ag.phy",174,0.367272727272727,FALSE,FALSE,TRUE,FALSE,FALSE
"4170","busco.31243at7399.faa",35,166,TRUE,FALSE,FALSE,FALSE,FALSE,TRUE,FALSE,FALSE,FALSE,FALSE,"busco.31243at7399.faa-ag.phy",113,0.319277108433735,FALSE,FALSE,TRUE,FALSE,FALSE
"4174","busco.31286at7399.faa",35,308,FALSE,FALSE,TRUE,FALSE,FALSE,FALSE,FALSE,FALSE,FALSE,TRUE,"busco.31286at7399.faa-ag.phy",136,0.558441558441558,FALSE,FALSE,FALSE,TRUE,FALSE
"4179","busco.31316at7399.faa",34,127,TRUE,FALSE,FALSE,FALSE,FALSE,FALSE,FALSE,FALSE,TRUE,FALSE,"busco.31316at7399.faa-ag.phy",62,0.511811023622047,FALSE,FALSE,FALSE,TRUE,FALSE
"4194","busco.31537at7399.faa",37,281,FALSE,FALSE,FALSE,TRUE,FALSE,FALSE,TRUE,FALSE,FALSE,FALSE,"busco.31537at7399.faa-ag.phy",132,0.530249110320285,FALSE,FALSE,FALSE,TRUE,FALSE
"4201","busco.31611at7399.faa",34,167,TRUE,FALSE,FALSE,FALSE,FALSE,FALSE,FALSE,TRUE,FALSE,FALSE,"busco.31611at7399.faa-ag.phy",106,0.365269461077844,FALSE,FALSE,TRUE,FALSE,FALSE
"4202","busco.31614at7399.faa",34,258,FALSE,FALSE,FALSE,TRUE,FALSE,TRUE,FALSE,FALSE,FALSE,FALSE,"busco.31614at7399.faa-ag.phy",95,0.631782945736434,FALSE,FALSE,FALSE,FALSE,TRUE
"4203","busco.31634at7399.faa",34,70,TRUE,FALSE,FALSE,FALSE,FALSE,TRUE,FALSE,FALSE,FALSE,FALSE,"busco.31634at7399.faa-ag.phy",70,0,TRUE,FALSE,FALSE,FALSE,FALSE
"4231","busco.31977at7399.faa",34,131,TRUE,FALSE,FALSE,FALSE,FALSE,FALSE,FALSE,FALSE,TRUE,FALSE,"busco.31977at7399.faa-ag.phy",59,0.549618320610687,FALSE,FALSE,FALSE,TRUE,FALSE
"4238","busco.32167at7399.faa",35,192,FALSE,FALSE,TRUE,FALSE,FALSE,FALSE,FALSE,TRUE,FALSE,FALSE,"busco.32167at7399.faa-ag.phy",79,0.588541666666667,FALSE,FALSE,FALSE,FALSE,TRUE
"4247","busco.32312at7399.faa",34,268,TRUE,FALSE,FALSE,FALSE,FALSE,FALSE,TRUE,FALSE,FALSE,FALSE,"busco.32312at7399.faa-ag.phy",124,0.537313432835821,FALSE,FALSE,FALSE,TRUE,FALSE
"4251","busco.32376at7399.faa",34,169,FALSE,FALSE,FALSE,FALSE,TRUE,TRUE,FALSE,FALSE,FALSE,FALSE,"busco.32376at7399.faa-ag.phy",79,0.532544378698225,FALSE,FALSE,FALSE,TRUE,FALSE
"4252","busco.3237at7399.faa",34,3001,FALSE,TRUE,FALSE,FALSE,FALSE,TRUE,FALSE,FALSE,FALSE,FALSE,"busco.3237at7399.faa-ag.phy",1344,0.552149283572143,FALSE,FALSE,FALSE,TRUE,FALSE
"4269","busco.3303at7399.faa",37,3526,FALSE,FALSE,TRUE,FALSE,FALSE,TRUE,FALSE,FALSE,FALSE,FALSE,"busco.3303at7399.faa-ag.phy",188,0.946681792399319,FALSE,FALSE,FALSE,FALSE,TRUE
"4345","busco.3643at7399.faa",35,1587,FALSE,TRUE,FALSE,FALSE,FALSE,FALSE,FALSE,TRUE,FALSE,FALSE,"busco.3643at7399.faa-ag.phy",717,0.54820415879017,FALSE,FALSE,FALSE,TRUE,FALSE
"4373","busco.3739at7399.faa",34,981,TRUE,FALSE,FALSE,FALSE,FALSE,TRUE,FALSE,FALSE,FALSE,FALSE,"busco.3739at7399.faa-ag.phy",425,0.566768603465851,FALSE,FALSE,FALSE,FALSE,TRUE
"4386","busco.3777at7399.faa",34,3270,FALSE,FALSE,FALSE,TRUE,FALSE,FALSE,TRUE,FALSE,FALSE,FALSE,"busco.3777at7399.faa-ag.phy",466,0.857492354740061,FALSE,FALSE,FALSE,FALSE,TRUE
"4389","busco.3793at7399.faa",37,880,FALSE,FALSE,FALSE,TRUE,FALSE,FALSE,FALSE,FALSE,TRUE,FALSE,"busco.3793at7399.faa-ag.phy",846,0.0386363636363636,TRUE,FALSE,FALSE,FALSE,FALSE
"4410","busco.3894at7399.faa",36,1627,FALSE,TRUE,FALSE,FALSE,FALSE,FALSE,FALSE,FALSE,FALSE,TRUE,"busco.3894at7399.faa-ag.phy",732,0.550092194222495,FALSE,FALSE,FALSE,TRUE,FALSE
"4420","busco.3930at7399.faa",34,2063,FALSE,FALSE,FALSE,TRUE,FALSE,FALSE,FALSE,FALSE,FALSE,TRUE,"busco.3930at7399.faa-ag.phy",1063,0.484730974309258,FALSE,FALSE,FALSE,TRUE,FALSE
"4437","busco.4008at7399.faa",35,1083,FALSE,FALSE,TRUE,FALSE,FALSE,FALSE,FALSE,FALSE,TRUE,FALSE,"busco.4008at7399.faa-ag.phy",850,0.215143120960295,FALSE,TRUE,FALSE,FALSE,FALSE
"4450","busco.4066at7399.faa",34,1694,FALSE,FALSE,TRUE,FALSE,FALSE,TRUE,FALSE,FALSE,FALSE,FALSE,"busco.4066at7399.faa-ag.phy",1245,0.265053128689492,FALSE,TRUE,FALSE,FALSE,FALSE
"4457","busco.4080at7399.faa",34,1462,FALSE,FALSE,FALSE,FALSE,TRUE,FALSE,FALSE,TRUE,FALSE,FALSE,"busco.4080at7399.faa-ag.phy",647,0.557455540355677,FALSE,FALSE,FALSE,TRUE,FALSE
"4463","busco.4098at7399.faa",34,1849,FALSE,FALSE,FALSE,FALSE,TRUE,TRUE,FALSE,FALSE,FALSE,FALSE,"busco.4098at7399.faa-ag.phy",503,0.72796106003245,FALSE,FALSE,FALSE,FALSE,TRUE
"4516","busco.4296at7399.faa",34,1478,FALSE,TRUE,FALSE,FALSE,FALSE,FALSE,FALSE,FALSE,TRUE,FALSE,"busco.4296at7399.faa-ag.phy",937,0.366035182679296,FALSE,FALSE,TRUE,FALSE,FALSE
"4528","busco.4331at7399.faa",34,1118,TRUE,FALSE,FALSE,FALSE,FALSE,FALSE,FALSE,TRUE,FALSE,FALSE,"busco.4331at7399.faa-ag.phy",880,0.212880143112701,FALSE,TRUE,FALSE,FALSE,FALSE
"4563","busco.4451at7399.faa",34,1879,FALSE,FALSE,TRUE,FALSE,FALSE,FALSE,FALSE,FALSE,TRUE,FALSE,"busco.4451at7399.faa-ag.phy",539,0.713145290047898,FALSE,FALSE,FALSE,FALSE,TRUE
"4581","busco.455at7399.faa",34,2724,FALSE,FALSE,TRUE,FALSE,FALSE,FALSE,FALSE,FALSE,FALSE,TRUE,"busco.455at7399.faa-ag.phy",1862,0.316446402349486,FALSE,FALSE,TRUE,FALSE,FALSE
"4603","busco.4659at7399.faa",34,1459,FALSE,FALSE,FALSE,FALSE,TRUE,FALSE,FALSE,FALSE,TRUE,FALSE,"busco.4659at7399.faa-ag.phy",900,0.383139136394791,FALSE,FALSE,TRUE,FALSE,FALSE
"4618","busco.4739at7399.faa",37,960,TRUE,FALSE,FALSE,FALSE,FALSE,FALSE,TRUE,FALSE,FALSE,FALSE,"busco.4739at7399.faa-ag.phy",769,0.198958333333333,FALSE,TRUE,FALSE,FALSE,FALSE
"4630","busco.4785at7399.faa",34,1443,FALSE,FALSE,FALSE,TRUE,FALSE,FALSE,FALSE,FALSE,TRUE,FALSE,"busco.4785at7399.faa-ag.phy",789,0.453222453222453,FALSE,FALSE,FALSE,TRUE,FALSE
"4633","busco.4803at7399.faa",34,1345,FALSE,FALSE,TRUE,FALSE,FALSE,FALSE,FALSE,TRUE,FALSE,FALSE,"busco.4803at7399.faa-ag.phy",720,0.464684014869888,FALSE,FALSE,FALSE,TRUE,FALSE
"4640","busco.4819at7399.faa",34,1147,TRUE,FALSE,FALSE,FALSE,FALSE,FALSE,TRUE,FALSE,FALSE,FALSE,"busco.4819at7399.faa-ag.phy",1014,0.115954664341761,TRUE,FALSE,FALSE,FALSE,FALSE
"4652","busco.4872at7399.faa",35,1136,FALSE,TRUE,FALSE,FALSE,FALSE,FALSE,FALSE,FALSE,FALSE,TRUE,"busco.4872at7399.faa-ag.phy",821,0.277288732394366,FALSE,TRUE,FALSE,FALSE,FALSE
"4678","busco.4976at7399.faa",35,904,FALSE,TRUE,FALSE,FALSE,FALSE,FALSE,TRUE,FALSE,FALSE,FALSE,"busco.4976at7399.faa-ag.phy",789,0.127212389380531,TRUE,FALSE,FALSE,FALSE,FALSE
"4696","busco.5048at7399.faa",34,1052,FALSE,FALSE,FALSE,FALSE,TRUE,FALSE,TRUE,FALSE,FALSE,FALSE,"busco.5048at7399.faa-ag.phy",630,0.401140684410646,FALSE,FALSE,TRUE,FALSE,FALSE
"4724","busco.5191at7399.faa",35,1312,FALSE,FALSE,FALSE,FALSE,TRUE,FALSE,TRUE,FALSE,FALSE,FALSE,"busco.5191at7399.faa-ag.phy",834,0.364329268292683,FALSE,FALSE,TRUE,FALSE,FALSE
"4743","busco.5267at7399.faa",34,1067,FALSE,FALSE,TRUE,FALSE,FALSE,FALSE,FALSE,TRUE,FALSE,FALSE,"busco.5267at7399.faa-ag.phy",664,0.377694470477976,FALSE,FALSE,TRUE,FALSE,FALSE
"4747","busco.5289at7399.faa",34,838,FALSE,FALSE,FALSE,TRUE,FALSE,FALSE,TRUE,FALSE,FALSE,FALSE,"busco.5289at7399.faa-ag.phy",391,0.533412887828162,FALSE,FALSE,FALSE,TRUE,FALSE
"4773","busco.5353at7399.faa",35,1178,TRUE,FALSE,FALSE,FALSE,FALSE,FALSE,FALSE,TRUE,FALSE,FALSE,"busco.5353at7399.faa-ag.phy",650,0.448217317487267,FALSE,FALSE,FALSE,TRUE,FALSE
"4783","busco.5401at7399.faa",36,771,TRUE,FALSE,FALSE,FALSE,FALSE,FALSE,FALSE,FALSE,TRUE,FALSE,"busco.5401at7399.faa-ag.phy",732,0.0505836575875486,TRUE,FALSE,FALSE,FALSE,FALSE
"4829","busco.5576at7399.faa",35,3424,TRUE,FALSE,FALSE,FALSE,FALSE,FALSE,FALSE,FALSE,FALSE,TRUE,"busco.5576at7399.faa-ag.phy",790,0.769275700934579,FALSE,FALSE,FALSE,FALSE,TRUE
"4857","busco.5695at7399.faa",36,1224,FALSE,FALSE,TRUE,FALSE,FALSE,TRUE,FALSE,FALSE,FALSE,FALSE,"busco.5695at7399.faa-ag.phy",659,0.461601307189543,FALSE,FALSE,FALSE,TRUE,FALSE
"4870","busco.5731at7399.faa",34,1552,TRUE,FALSE,FALSE,FALSE,FALSE,FALSE,FALSE,FALSE,FALSE,TRUE,"busco.5731at7399.faa-ag.phy",775,0.500644329896907,FALSE,FALSE,FALSE,TRUE,FALSE
"4918","busco.5963at7399.faa",34,1216,FALSE,FALSE,FALSE,TRUE,FALSE,FALSE,TRUE,FALSE,FALSE,FALSE,"busco.5963at7399.faa-ag.phy",716,0.411184210526316,FALSE,FALSE,TRUE,FALSE,FALSE
"4930","busco.6014at7399.faa",34,1528,FALSE,FALSE,FALSE,TRUE,FALSE,FALSE,FALSE,FALSE,TRUE,FALSE,"busco.6014at7399.faa-ag.phy",570,0.62696335078534,FALSE,FALSE,FALSE,FALSE,TRUE
"4965","busco.6143at7399.faa",36,1295,FALSE,FALSE,TRUE,FALSE,FALSE,FALSE,FALSE,FALSE,TRUE,FALSE,"busco.6143at7399.faa-ag.phy",712,0.45019305019305,FALSE,FALSE,FALSE,TRUE,FALSE
"4979","busco.6198at7399.faa",35,2622,FALSE,FALSE,FALSE,TRUE,FALSE,FALSE,FALSE,FALSE,FALSE,TRUE,"busco.6198at7399.faa-ag.phy",1293,0.506864988558352,FALSE,FALSE,FALSE,TRUE,FALSE
"5003","busco.6288at7399.faa",34,769,FALSE,FALSE,FALSE,FALSE,TRUE,FALSE,TRUE,FALSE,FALSE,FALSE,"busco.6288at7399.faa-ag.phy",571,0.257477243172952,FALSE,TRUE,FALSE,FALSE,FALSE
"5026","busco.6387at7399.faa",36,873,TRUE,FALSE,FALSE,FALSE,FALSE,TRUE,FALSE,FALSE,FALSE,FALSE,"busco.6387at7399.faa-ag.phy",619,0.290950744558992,FALSE,TRUE,FALSE,FALSE,FALSE
"5027","busco.6393at7399.faa",35,908,TRUE,FALSE,FALSE,FALSE,FALSE,FALSE,FALSE,FALSE,FALSE,TRUE,"busco.6393at7399.faa-ag.phy",706,0.222466960352423,FALSE,TRUE,FALSE,FALSE,FALSE
"5030","busco.6411at7399.faa",35,806,FALSE,FALSE,FALSE,TRUE,FALSE,FALSE,FALSE,FALSE,FALSE,TRUE,"busco.6411at7399.faa-ag.phy",582,0.277915632754342,FALSE,TRUE,FALSE,FALSE,FALSE
"5036","busco.6437at7399.faa",36,810,FALSE,FALSE,TRUE,FALSE,FALSE,FALSE,FALSE,FALSE,FALSE,TRUE,"busco.6437at7399.faa-ag.phy",599,0.260493827160494,FALSE,TRUE,FALSE,FALSE,FALSE
"5078","busco.6596at7399.faa",34,1324,FALSE,TRUE,FALSE,FALSE,FALSE,FALSE,FALSE,TRUE,FALSE,FALSE,"busco.6596at7399.faa-ag.phy",516,0.610271903323263,FALSE,FALSE,FALSE,FALSE,TRUE
"5080","busco.6604at7399.faa",35,1053,FALSE,FALSE,FALSE,FALSE,TRUE,FALSE,FALSE,TRUE,FALSE,FALSE,"busco.6604at7399.faa-ag.phy",697,0.338081671415005,FALSE,FALSE,TRUE,FALSE,FALSE
"5099","busco.6683at7399.faa",34,912,FALSE,FALSE,FALSE,TRUE,FALSE,FALSE,FALSE,FALSE,FALSE,TRUE,"busco.6683at7399.faa-ag.phy",558,0.388157894736842,FALSE,FALSE,TRUE,FALSE,FALSE
"5117","busco.6767at7399.faa",34,837,FALSE,FALSE,TRUE,FALSE,FALSE,FALSE,FALSE,FALSE,FALSE,TRUE,"busco.6767at7399.faa-ag.phy",579,0.308243727598566,FALSE,FALSE,TRUE,FALSE,FALSE
"5119","busco.6776at7399.faa",34,848,FALSE,FALSE,FALSE,FALSE,TRUE,FALSE,FALSE,TRUE,FALSE,FALSE,"busco.6776at7399.faa-ag.phy",571,0.326650943396226,FALSE,FALSE,TRUE,FALSE,FALSE
"5123","busco.6792at7399.faa",35,790,FALSE,TRUE,FALSE,FALSE,FALSE,TRUE,FALSE,FALSE,FALSE,FALSE,"busco.6792at7399.faa-ag.phy",513,0.350632911392405,FALSE,FALSE,TRUE,FALSE,FALSE
"5144","busco.6897at7399.faa",35,1089,TRUE,FALSE,FALSE,FALSE,FALSE,FALSE,FALSE,FALSE,FALSE,TRUE,"busco.6897at7399.faa-ag.phy",632,0.419651056014692,FALSE,FALSE,TRUE,FALSE,FALSE
"5154","busco.691at7399.faa",34,2077,TRUE,FALSE,FALSE,FALSE,FALSE,FALSE,FALSE,FALSE,FALSE,TRUE,"busco.691at7399.faa-ag.phy",1567,0.245546461242176,FALSE,TRUE,FALSE,FALSE,FALSE
"5200","busco.7089at7399.faa",35,975,FALSE,TRUE,FALSE,FALSE,FALSE,FALSE,TRUE,FALSE,FALSE,FALSE,"busco.7089at7399.faa-ag.phy",671,0.311794871794872,FALSE,FALSE,TRUE,FALSE,FALSE
"5233","busco.7234at7399.faa",35,1571,FALSE,TRUE,FALSE,FALSE,FALSE,FALSE,FALSE,FALSE,FALSE,TRUE,"busco.7234at7399.faa-ag.phy",489,0.688733290897518,FALSE,FALSE,FALSE,FALSE,TRUE
"5261","busco.7326at7399.faa",34,1623,TRUE,FALSE,FALSE,FALSE,FALSE,TRUE,FALSE,FALSE,FALSE,FALSE,"busco.7326at7399.faa-ag.phy",637,0.607516943930992,FALSE,FALSE,FALSE,FALSE,TRUE
"5270","busco.7382at7399.faa",35,748,FALSE,FALSE,FALSE,FALSE,TRUE,FALSE,TRUE,FALSE,FALSE,FALSE,"busco.7382at7399.faa-ag.phy",349,0.533422459893048,FALSE,FALSE,FALSE,TRUE,FALSE
"5286","busco.7435at7399.faa",35,852,FALSE,FALSE,TRUE,FALSE,FALSE,FALSE,FALSE,TRUE,FALSE,FALSE,"busco.7435at7399.faa-ag.phy",707,0.17018779342723,FALSE,TRUE,FALSE,FALSE,FALSE
"5288","busco.7444at7399.faa",34,913,FALSE,TRUE,FALSE,FALSE,FALSE,FALSE,FALSE,FALSE,TRUE,FALSE,"busco.7444at7399.faa-ag.phy",503,0.449069003285871,FALSE,FALSE,FALSE,TRUE,FALSE
"5306","busco.7530at7399.faa",36,805,TRUE,FALSE,FALSE,FALSE,FALSE,FALSE,FALSE,TRUE,FALSE,FALSE,"busco.7530at7399.faa-ag.phy",565,0.298136645962733,FALSE,TRUE,FALSE,FALSE,FALSE
"5314","busco.7562at7399.faa",34,1984,FALSE,FALSE,FALSE,FALSE,TRUE,TRUE,FALSE,FALSE,FALSE,FALSE,"busco.7562at7399.faa-ag.phy",1002,0.494959677419355,FALSE,FALSE,FALSE,TRUE,FALSE
"5356","busco.7741at7399.faa",36,563,FALSE,FALSE,FALSE,TRUE,FALSE,TRUE,FALSE,FALSE,FALSE,FALSE,"busco.7741at7399.faa-ag.phy",517,0.0817051509769094,TRUE,FALSE,FALSE,FALSE,FALSE
"5359","busco.7751at7399.faa",34,1000,TRUE,FALSE,FALSE,FALSE,FALSE,FALSE,TRUE,FALSE,FALSE,FALSE,"busco.7751at7399.faa-ag.phy",711,0.289,FALSE,TRUE,FALSE,FALSE,FALSE
"5388","busco.7859at7399.faa",35,1149,FALSE,FALSE,FALSE,FALSE,TRUE,FALSE,FALSE,FALSE,TRUE,FALSE,"busco.7859at7399.faa-ag.phy",582,0.493472584856397,FALSE,FALSE,FALSE,TRUE,FALSE
"5406","busco.7927at7399.faa",35,559,FALSE,FALSE,FALSE,FALSE,TRUE,FALSE,FALSE,TRUE,FALSE,FALSE,"busco.7927at7399.faa-ag.phy",545,0.0250447227191413,TRUE,FALSE,FALSE,FALSE,FALSE
"5430","busco.8059at7399.faa",34,1168,FALSE,FALSE,FALSE,FALSE,TRUE,FALSE,FALSE,FALSE,TRUE,FALSE,"busco.8059at7399.faa-ag.phy",1017,0.129280821917808,TRUE,FALSE,FALSE,FALSE,FALSE
"5490","busco.8303at7399.faa",34,937,FALSE,TRUE,FALSE,FALSE,FALSE,TRUE,FALSE,FALSE,FALSE,FALSE,"busco.8303at7399.faa-ag.phy",549,0.414087513340448,FALSE,FALSE,TRUE,FALSE,FALSE
"5505","busco.8357at7399.faa",36,1343,FALSE,FALSE,TRUE,FALSE,FALSE,FALSE,FALSE,FALSE,TRUE,FALSE,"busco.8357at7399.faa-ag.phy",587,0.562918838421445,FALSE,FALSE,FALSE,FALSE,TRUE
"5525","busco.8473at7399.faa",35,961,TRUE,FALSE,FALSE,FALSE,FALSE,FALSE,FALSE,FALSE,FALSE,TRUE,"busco.8473at7399.faa-ag.phy",371,0.613943808532778,FALSE,FALSE,FALSE,FALSE,TRUE
"5537","busco.850at7399.faa",35,2992,TRUE,FALSE,FALSE,FALSE,FALSE,FALSE,FALSE,TRUE,FALSE,FALSE,"busco.850at7399.faa-ag.phy",1521,0.491644385026738,FALSE,FALSE,FALSE,TRUE,FALSE
"5540","busco.8520at7399.faa",34,1068,FALSE,FALSE,TRUE,FALSE,FALSE,FALSE,FALSE,TRUE,FALSE,FALSE,"busco.8520at7399.faa-ag.phy",896,0.161048689138577,FALSE,TRUE,FALSE,FALSE,FALSE
"5572","busco.8652at7399.faa",35,610,FALSE,TRUE,FALSE,FALSE,FALSE,TRUE,FALSE,FALSE,FALSE,FALSE,"busco.8652at7399.faa-ag.phy",595,0.0245901639344262,TRUE,FALSE,FALSE,FALSE,FALSE
"5591","busco.870at7399.faa",34,3597,FALSE,FALSE,FALSE,FALSE,TRUE,FALSE,TRUE,FALSE,FALSE,FALSE,"busco.870at7399.faa-ag.phy",924,0.743119266055046,FALSE,FALSE,FALSE,FALSE,TRUE
"5595","busco.8729at7399.faa",35,945,FALSE,FALSE,FALSE,FALSE,TRUE,FALSE,TRUE,FALSE,FALSE,FALSE,"busco.8729at7399.faa-ag.phy",507,0.463492063492064,FALSE,FALSE,FALSE,TRUE,FALSE
"5617","busco.8794at7399.faa",35,560,FALSE,FALSE,FALSE,TRUE,FALSE,TRUE,FALSE,FALSE,FALSE,FALSE,"busco.8794at7399.faa-ag.phy",449,0.198214285714286,FALSE,TRUE,FALSE,FALSE,FALSE
"5643","busco.8914at7399.faa",34,1443,FALSE,TRUE,FALSE,FALSE,FALSE,FALSE,FALSE,TRUE,FALSE,FALSE,"busco.8914at7399.faa-ag.phy",516,0.642411642411642,FALSE,FALSE,FALSE,FALSE,TRUE
"5668","busco.9023at7399.faa",34,750,TRUE,FALSE,FALSE,FALSE,FALSE,FALSE,FALSE,TRUE,FALSE,FALSE,"busco.9023at7399.faa-ag.phy",643,0.142666666666667,TRUE,FALSE,FALSE,FALSE,FALSE
"5671","busco.9051at7399.faa",34,758,FALSE,FALSE,TRUE,FALSE,FALSE,FALSE,FALSE,FALSE,FALSE,TRUE,"busco.9051at7399.faa-ag.phy",585,0.228232189973615,FALSE,TRUE,FALSE,FALSE,FALSE
"5684","busco.9141at7399.faa",34,856,TRUE,FALSE,FALSE,FALSE,FALSE,FALSE,FALSE,FALSE,FALSE,TRUE,"busco.9141at7399.faa-ag.phy",498,0.418224299065421,FALSE,FALSE,TRUE,FALSE,FALSE
"5729","busco.9299at7399.faa",34,1025,TRUE,FALSE,FALSE,FALSE,FALSE,FALSE,FALSE,FALSE,TRUE,FALSE,"busco.9299at7399.faa-ag.phy",567,0.446829268292683,FALSE,FALSE,FALSE,TRUE,FALSE
"5740","busco.9326at7399.faa",34,1262,FALSE,FALSE,FALSE,TRUE,FALSE,FALSE,TRUE,FALSE,FALSE,FALSE,"busco.9326at7399.faa-ag.phy",436,0.654516640253566,FALSE,FALSE,FALSE,FALSE,TRUE
"5760","busco.9468at7399.faa",34,801,FALSE,FALSE,TRUE,FALSE,FALSE,FALSE,FALSE,TRUE,FALSE,FALSE,"busco.9468at7399.faa-ag.phy",724,0.0961298377028714,TRUE,FALSE,FALSE,FALSE,FALSE
"5777","busco.9515at7399.faa",34,704,TRUE,FALSE,FALSE,FALSE,FALSE,TRUE,FALSE,FALSE,FALSE,FALSE,"busco.9515at7399.faa-ag.phy",428,0.392045454545455,FALSE,FALSE,TRUE,FALSE,FALSE
"5794","busco.9590at7399.faa",34,1251,TRUE,FALSE,FALSE,FALSE,FALSE,FALSE,FALSE,FALSE,FALSE,TRUE,"busco.9590at7399.faa-ag.phy",586,0.531574740207834,FALSE,FALSE,FALSE,TRUE,FALSE
"5807","busco.9667at7399.faa",36,904,TRUE,FALSE,FALSE,FALSE,FALSE,TRUE,FALSE,FALSE,FALSE,FALSE,"busco.9667at7399.faa-ag.phy",537,0.405973451327434,FALSE,FALSE,TRUE,FALSE,FALSE
"5808","busco.9669at7399.faa",35,506,FALSE,FALSE,FALSE,FALSE,TRUE,FALSE,FALSE,FALSE,TRUE,FALSE,"busco.9669at7399.faa-ag.phy",455,0.100790513833992,TRUE,FALSE,FALSE,FALSE,FALSE
"5811","busco.9677at7399.faa",34,1098,FALSE,TRUE,FALSE,FALSE,FALSE,FALSE,FALSE,FALSE,TRUE,FALSE,"busco.9677at7399.faa-ag.phy",480,0.562841530054645,FALSE,FALSE,FALSE,FALSE,TRUE
"5839","busco.9799at7399.faa",34,1087,FALSE,FALSE,TRUE,FALSE,FALSE,FALSE,FALSE,FALSE,FALSE,TRUE,"busco.9799at7399.faa-ag.phy",265,0.756209751609936,FALSE,FALSE,FALSE,FALSE,TRUE
"5843","busco.9815at7399.faa",34,1626,FALSE,FALSE,FALSE,TRUE,FALSE,FALSE,TRUE,FALSE,FALSE,FALSE,"busco.9815at7399.faa-ag.phy",704,0.567035670356704,FALSE,FALSE,FALSE,FALSE,TRUE
"5864","busco.9898at7399.faa",36,750,FALSE,FALSE,TRUE,FALSE,FALSE,TRUE,FALSE,FALSE,FALSE,FALSE,"busco.9898at7399.faa-ag.phy",568,0.242666666666667,FALSE,TRUE,FALSE,FALSE,FALSE
"5884","busco.9985at7399.faa",35,881,FALSE,FALSE,FALSE,TRUE,FALSE,TRUE,FALSE,FALSE,FALSE,FALSE,"busco.9985at7399.faa-ag.phy",538,0.389330306469921,FALSE,FALSE,TRUE,FALSE,FALSE
"5888","busco.9989at7399.faa",34,2162,FALSE,FALSE,TRUE,FALSE,FALSE,FALSE,FALSE,FALSE,TRUE,FALSE,"busco.9989at7399.faa-ag.phy",602,0.721554116558742,FALSE,FALSE,FALSE,FALSE,TRUE
